survived,pclass,sex,age,sibsp,parch,fare,embarked,class,who,adult_male,embark_town,alive,alone,age_z,fare_z
0,3,male,22.0,1,0,7.25,S,Third,man,True,Southampton,no,False,-0.5636740664747023,-0.5002397510893574
1,1,female,38.0,1,0,71.2833,C,First,woman,False,Cherbourg,yes,False,0.6692169576775449,0.788946607905507
1,3,female,26.0,0,0,7.925,S,Third,woman,False,Southampton,yes,True,-0.2554513104366405,-0.4866499346606939
1,1,female,35.0,1,0,53.1,S,First,woman,False,Southampton,yes,False,0.4380498906489985,0.4228611129909654
0,3,male,35.0,0,0,8.05,S,Third,man,True,Southampton,no,True,0.4380498906489985,-0.4841333019887193
0,3,male,28.0,0,0,8.4583,Q,Third,man,True,Queenstown,no,True,-0.1013399324176096,-0.475912973028981
0,1,male,54.0,0,0,51.8625,S,First,man,True,Southampton,no,True,1.902107981829792,0.3979464495384157
0,3,male,2.0,3,1,21.075,S,Third,child,False,Southampton,no,False,-2.104787846665011,-0.2219001775689547
1,3,female,27.0,0,2,11.1333,S,Third,woman,False,Southampton,yes,False,-0.178395621427125,-0.4220570338487224
1,2,female,14.0,1,0,30.0708,C,Second,child,False,Cherbourg,yes,False,-1.1801195785508258,-0.0407871840445541
1,3,female,4.0,1,1,16.7,S,Third,child,False,Southampton,yes,False,-1.9506764686459803,-0.3099823210880695
1,1,female,58.0,0,0,26.55,S,First,woman,False,Southampton,yes,True,2.210330737867854,-0.1116716665364625
0,3,male,20.0,0,0,8.05,S,Third,man,True,Southampton,no,True,-0.7177854444937332,-0.4841333019887193
0,3,male,39.0,1,5,31.275,S,Third,man,True,Southampton,no,False,0.7462726466870603,-0.0165429515358186
0,3,female,14.0,0,0,7.8542,S,Third,child,False,Southampton,no,True,-1.1801195785508258,-0.4880753554061005
1,2,female,55.0,0,0,16.0,S,Second,woman,False,Southampton,yes,True,1.9791636708393072,-0.3240754640511278
0,3,male,2.0,4,1,29.125,Q,Third,child,False,Queenstown,no,False,-2.104787846665011,-0.0598290334937835
1,2,male,28.0,0,0,13.0,S,Second,man,True,Southampton,yes,True,-0.1013399324176096,-0.3844746481785208
0,3,female,31.0,1,0,18.0,S,Third,woman,False,Southampton,no,False,0.1298271346109367,-0.2838093412995325
1,3,female,28.0,0,0,7.225,C,Third,woman,False,Cherbourg,yes,True,-0.1013399324176096,-0.5007430776237524
0,2,male,35.0,0,0,26.0,S,Second,man,True,Southampton,no,True,0.4380498906489985,-0.1227448502931512
1,2,male,34.0,0,0,13.0,S,Second,man,True,Southampton,yes,True,0.360994201639483,-0.3844746481785208
1,3,female,15.0,0,0,8.0292,Q,Third,child,False,Queenstown,yes,True,-1.1030638895413103,-0.4845520696653358
1,1,male,28.0,0,0,35.5,S,First,man,True,Southampton,yes,True,-0.1013399324176096,0.0685192327769265
0,3,female,8.0,3,1,21.075,S,Third,child,False,Southampton,no,False,-1.6424537126079184,-0.2219001775689547
1,3,female,38.0,1,5,31.3875,S,Third,woman,False,Southampton,yes,False,0.6692169576775449,-0.0142779821310413
0,3,male,28.0,0,0,7.225,C,Third,man,True,Cherbourg,no,True,-0.1013399324176096,-0.5007430776237524
0,1,male,19.0,3,2,263.0,S,First,man,True,Southampton,no,False,-0.7948411335032486,4.648790695770894
1,3,female,28.0,0,0,7.8792,Q,Third,woman,False,Queenstown,yes,True,-0.1013399324176096,-0.4875720288717055
0,3,male,28.0,0,0,7.8958,S,Third,man,True,Southampton,no,True,-0.1013399324176096,-0.4872378200528672
0,1,male,40.0,0,0,27.7208,C,First,man,True,Cherbourg,no,True,0.8233283356965757,-0.0880998782776786
1,1,female,28.0,1,0,146.5208,C,First,woman,False,Cherbourg,yes,False,-0.1013399324176096,2.3037078131670836
1,3,female,28.0,0,0,7.75,Q,Third,woman,False,Queenstown,yes,True,-0.1013399324176096,-0.4901732204014585
0,2,male,66.0,0,0,10.5,S,Second,man,True,Southampton,no,True,2.8267762499439777,-0.434807301618015
0,1,male,28.0,1,0,82.1708,C,First,man,True,Cherbourg,no,False,-0.1013399324176096,1.008145313634504
0,1,male,42.0,1,0,52.0,S,First,man,True,Southampton,no,False,0.9774397137156066,0.4007147454775879
1,3,male,28.0,0,0,7.2292,C,Third,man,True,Cherbourg,yes,True,-0.1013399324176096,-0.500658518765974
0,3,male,21.0,0,0,8.05,S,Third,man,True,Southampton,no,True,-0.6407297554842177,-0.4841333019887193
0,3,female,18.0,2,0,18.0,S,Third,woman,False,Southampton,no,False,-0.871896822512764,-0.2838093412995325
1,3,female,14.0,1,0,11.2417,C,Third,child,False,Cherbourg,yes,False,-1.1801195785508258,-0.4198746099955858
0,3,female,40.0,1,0,9.475,S,Third,woman,False,Southampton,no,False,0.8233283356965757,-0.4554436895282076
0,2,female,27.0,1,0,21.0,S,Second,woman,False,Southampton,no,False,-0.178395621427125,-0.2234101571721395
0,3,male,28.0,0,0,7.8958,C,Third,man,True,Cherbourg,no,True,-0.1013399324176096,-0.4872378200528672
1,2,female,3.0,1,2,41.5792,C,Second,child,False,Cherbourg,yes,False,-2.0277321576554956,0.1909121394926757
1,3,female,19.0,0,0,7.8792,Q,Third,woman,False,Queenstown,yes,True,-0.7948411335032486,-0.4875720288717055
0,3,male,28.0,0,0,8.05,S,Third,man,True,Southampton,no,True,-0.1013399324176096,-0.4841333019887193
0,3,male,28.0,1,0,15.5,Q,Third,man,True,Queenstown,no,False,-0.1013399324176096,-0.3341419947390266
1,3,female,28.0,0,0,7.75,Q,Third,woman,False,Queenstown,yes,True,-0.1013399324176096,-0.4901732204014585
0,3,male,28.0,2,0,21.6792,C,Third,man,True,Cherbourg,no,False,-0.1013399324176096,-0.2097357818856977
0,3,female,18.0,1,0,17.8,S,Third,woman,False,Southampton,no,False,-0.871896822512764,-0.287835953574692
0,3,male,7.0,4,1,39.6875,S,Third,child,False,Southampton,no,False,-1.719509401617434,0.1528264272880792
0,3,male,21.0,0,0,7.8,S,Third,man,True,Southampton,no,True,-0.6407297554842177,-0.4891665673326686
1,1,female,49.0,1,0,76.7292,C,First,woman,False,Cherbourg,yes,False,1.5168295367822149,0.8985892468519636
1,2,female,29.0,1,0,26.0,S,Second,woman,False,Southampton,yes,False,-0.0242842434080941,-0.1227448502931512
0,1,male,65.0,0,1,61.9792,C,First,man,True,Cherbourg,no,False,2.749720560934462,0.6016265915589479
1,1,male,28.0,0,0,35.5,S,First,man,True,Southampton,yes,True,-0.1013399324176096,0.0685192327769265
1,2,female,21.0,0,0,10.5,S,Second,woman,False,Southampton,yes,True,-0.6407297554842177,-0.434807301618015
0,3,male,28.5,0,0,7.2292,C,Third,man,True,Cherbourg,no,True,-0.0628120879128519,-0.500658518765974
1,2,female,5.0,1,2,27.75,S,Second,child,False,Southampton,yes,False,-1.8736207796364648,-0.0875119928855053
0,3,male,11.0,5,2,46.9,S,Third,child,False,Southampton,no,False,-1.4112866455793722,0.2980361324610198
0,3,male,22.0,0,0,7.2292,C,Third,man,True,Cherbourg,no,True,-0.5636740664747023,-0.500658518765974
0,1,male,45.0,1,0,83.475,S,First,man,True,Southampton,no,False,1.208606780744153,1.0344028522808193
0,3,male,4.0,3,2,27.9,S,Third,child,False,Southampton,no,False,-1.9506764686459803,-0.0844920336791357
0,1,male,28.0,0,0,27.7208,C,First,man,True,Cherbourg,no,True,-0.1013399324176096,-0.0880998782776786
1,3,male,28.0,1,1,15.2458,C,Third,man,True,Cherbourg,yes,False,-0.1013399324176096,-0.3392598189407544
1,2,female,29.0,0,0,10.5,S,Second,woman,False,Southampton,yes,True,-0.0242842434080941,-0.434807301618015
0,3,male,19.0,0,0,8.1583,S,Third,man,True,Southampton,no,True,-0.7948411335032486,-0.4819528914417204
1,3,female,17.0,4,2,7.925,S,Third,woman,False,Southampton,yes,False,-0.9489525115222794,-0.4866499346606939
0,3,male,26.0,2,0,8.6625,S,Third,man,True,Southampton,no,False,-0.2554513104366405,-0.4718018018960432
0,2,male,32.0,0,0,10.5,S,Second,man,True,Southampton,no,True,0.2068828236204521,-0.434807301618015
0,3,female,16.0,5,2,46.9,S,Third,woman,False,Southampton,no,False,-1.026008200531795,0.2980361324610198
0,2,male,21.0,0,0,73.5,S,Second,man,True,Southampton,no,True,-0.6407297554842177,0.8335755650572377
0,3,male,26.0,1,0,14.4542,C,Third,man,True,Cherbourg,no,False,-0.2554513104366405,-0.3551971503258359
1,3,male,32.0,0,0,56.4958,S,Third,man,True,Southampton,yes,True,0.2068828236204521,0.4912289628108992
0,3,male,25.0,0,0,7.65,S,Third,man,True,Southampton,no,True,-0.3325069994461559,-0.4921865265390384
0,3,male,28.0,0,0,7.8958,S,Third,man,True,Southampton,no,True,-0.1013399324176096,-0.4872378200528672
0,3,male,28.0,0,0,8.05,S,Third,man,True,Southampton,no,True,-0.1013399324176096,-0.4841333019887193
1,2,male,0.83,0,2,29.0,S,Second,child,False,Southampton,yes,False,-2.1949430028061445,-0.0623456661657582
1,3,female,30.0,0,0,12.475,S,Third,woman,False,Southampton,yes,True,0.0527714456014212,-0.3950445054008146
0,3,male,22.0,0,0,9.0,S,Third,man,True,Southampton,no,True,-0.5636740664747023,-0.4650068936817115
1,3,male,29.0,0,0,9.5,S,Third,man,True,Southampton,yes,True,-0.0242842434080941,-0.4549403629938127
1,3,female,28.0,0,0,7.7875,Q,Third,woman,False,Queenstown,yes,True,-0.1013399324176096,-0.4894182305998661
0,1,male,28.0,0,0,47.1,S,First,man,True,Southampton,no,True,-0.1013399324176096,0.3020627447361794
1,2,female,17.0,0,0,10.5,S,Second,woman,False,Southampton,yes,True,-0.9489525115222794,-0.434807301618015
1,3,female,33.0,3,0,15.85,S,Third,woman,False,Southampton,yes,False,0.2839385126299676,-0.3270954232574974
0,3,male,16.0,1,3,34.375,S,Third,man,True,Southampton,no,False,-1.026008200531795,0.0458695387291541
0,3,male,28.0,0,0,8.05,S,Third,man,True,Southampton,no,True,-0.1013399324176096,-0.4841333019887193
1,1,female,23.0,3,2,263.0,S,First,woman,False,Southampton,yes,False,-0.4866183774651868,4.648790695770894
0,3,male,24.0,0,0,8.05,S,Third,man,True,Southampton,no,True,-0.4095626884556714,-0.4841333019887193
0,3,male,29.0,0,0,8.05,S,Third,man,True,Southampton,no,True,-0.0242842434080941,-0.4841333019887193
0,3,male,20.0,0,0,7.8542,S,Third,man,True,Southampton,no,True,-0.7177854444937332,-0.4880753554061005
0,1,male,46.0,1,0,61.175,S,First,man,True,Southampton,no,False,1.2856624697536685,0.5854355836005315
0,3,male,26.0,1,2,20.575,S,Third,man,True,Southampton,no,False,-0.2554513104366405,-0.2319667082568536
0,3,male,59.0,0,0,7.25,S,Third,man,True,Southampton,no,True,2.287386426877369,-0.5002397510893574
0,3,male,28.0,0,0,8.05,S,Third,man,True,Southampton,no,True,-0.1013399324176096,-0.4841333019887193
0,1,male,71.0,0,0,34.6542,C,First,man,True,Cherbourg,no,True,3.2120546949915547,0.0514906894652769
1,1,male,23.0,0,1,63.3583,C,First,man,True,Cherbourg,yes,False,-0.4866183774651868,0.6293920965023105
1,2,female,34.0,0,1,23.0,S,Second,woman,False,Southampton,yes,False,0.360994201639483,-0.1831440344205442
0,2,male,34.0,1,0,26.0,S,Second,man,True,Southampton,no,False,0.360994201639483,-0.1227448502931512
0,3,female,28.0,0,0,7.8958,S,Third,woman,False,Southampton,no,True,-0.1013399324176096,-0.4872378200528672
0,3,male,28.0,0,0,7.8958,S,Third,man,True,Southampton,no,True,-0.1013399324176096,-0.4872378200528672
0,1,male,21.0,0,1,77.2875,S,First,man,True,Southampton,no,False,-0.6407297554842177,0.9098295350180712
0,3,male,33.0,0,0,8.6542,S,Third,man,True,Southampton,no,True,0.2839385126299676,-0.4719689063054623
0,3,male,37.0,2,0,7.925,S,Third,man,True,Southampton,no,False,0.5921612686680294,-0.4866499346606939
0,3,male,28.0,0,0,7.8958,S,Third,man,True,Southampton,no,True,-0.1013399324176096,-0.4872378200528672
1,3,female,21.0,0,0,7.65,S,Third,woman,False,Southampton,yes,True,-0.6407297554842177,-0.4921865265390384
1,3,male,28.0,0,0,7.775,S,Third,man,True,Southampton,yes,True,-0.1013399324176096,-0.4896698938670636
0,3,male,38.0,0,0,7.8958,S,Third,man,True,Southampton,no,True,0.6692169576775449,-0.4872378200528672
1,3,female,28.0,1,0,24.15,Q,Third,woman,False,Queenstown,yes,False,-0.1013399324176096,-0.1599910138383769
0,1,male,47.0,0,0,52.0,S,First,man,True,Southampton,no,True,1.3627181587631838,0.4007147454775879
0,3,female,14.5,1,0,14.4542,C,Third,child,False,Cherbourg,no,False,-1.1415917340460682,-0.3551971503258359
0,3,male,22.0,0,0,8.05,S,Third,man,True,Southampton,no,True,-0.5636740664747023,-0.4841333019887193
0,3,female,20.0,1,0,9.825,S,Third,woman,False,Southampton,no,False,-0.7177854444937332,-0.4483971180466784
0,3,female,17.0,0,0,14.4583,C,Third,woman,False,Cherbourg,no,True,-0.9489525115222794,-0.3551146047741951
0,3,male,21.0,0,0,7.925,S,Third,man,True,Southampton,no,True,-0.6407297554842177,-0.4866499346606939
0,3,male,70.5,0,0,7.75,Q,Third,man,True,Queenstown,no,True,3.173526850486797,-0.4901732204014585
0,2,male,29.0,1,0,21.0,S,Second,man,True,Southampton,no,False,-0.0242842434080941,-0.2234101571721395
0,1,male,24.0,0,1,247.5208,C,First,man,True,Cherbourg,no,False,-0.4095626884556714,4.337147012122648
0,3,female,2.0,4,2,31.275,S,Third,child,False,Southampton,no,False,-2.104787846665011,-0.0165429515358186
0,2,male,21.0,2,0,73.5,S,Second,man,True,Southampton,no,False,-0.6407297554842177,0.8335755650572377
0,3,male,28.0,0,0,8.05,S,Third,man,True,Southampton,no,True,-0.1013399324176096,-0.4841333019887193
0,2,male,32.5,1,0,30.0708,C,Second,man,True,Cherbourg,no,False,0.2454106681252099,-0.0407871840445541
1,2,female,32.5,0,0,13.0,S,Second,woman,False,Southampton,yes,True,0.2454106681252099,-0.3844746481785208
0,1,male,54.0,0,1,77.2875,S,First,man,True,Southampton,no,False,1.902107981829792,0.9098295350180712
1,3,male,12.0,1,0,11.2417,C,Third,child,False,Cherbourg,yes,False,-1.334230956569857,-0.4198746099955858
0,3,male,28.0,0,0,7.75,Q,Third,man,True,Queenstown,no,True,-0.1013399324176096,-0.4901732204014585
1,3,male,24.0,0,0,7.1417,S,Third,man,True,Southampton,yes,True,-0.4095626884556714,-0.5024201616363563
1,3,female,28.0,1,1,22.3583,C,Third,woman,False,Cherbourg,yes,False,-0.1013399324176096,-0.1960634199053935
0,3,male,45.0,0,0,6.975,S,Third,man,True,Southampton,no,True,1.208606780744153,-0.5057763429677017
0,3,male,33.0,0,0,7.8958,C,Third,man,True,Cherbourg,no,True,0.2839385126299676,-0.4872378200528672
0,3,male,20.0,0,0,7.05,S,Third,man,True,Southampton,no,True,-0.7177854444937332,-0.5042663633645169
0,3,female,47.0,1,0,14.5,S,Third,woman,False,Southampton,no,False,1.3627181587631838,-0.3542750561148243
1,2,female,29.0,1,0,26.0,S,Second,woman,False,Southampton,yes,False,-0.0242842434080941,-0.1227448502931512
0,2,male,25.0,0,0,13.0,S,Second,man,True,Southampton,no,True,-0.3325069994461559,-0.3844746481785208
0,2,male,23.0,0,0,15.0458,C,Second,man,True,Cherbourg,no,True,-0.4866183774651868,-0.343286431215914
1,1,female,19.0,0,2,26.2833,S,First,woman,False,Southampton,yes,False,-0.7948411335032486,-0.1170411540053877
0,1,male,37.0,1,0,53.1,S,First,man,True,Southampton,no,False,0.5921612686680294,0.4228611129909654
0,3,male,16.0,0,0,9.2167,S,Third,man,True,Southampton,no,True,-1.026008200531795,-0.4606440592815761
0,1,male,24.0,0,0,79.2,C,First,man,True,Cherbourg,no,True,-0.4095626884556714,0.9483340148992844
0,3,female,28.0,0,2,15.2458,C,Third,woman,False,Cherbourg,no,False,-0.1013399324176096,-0.3392598189407544
1,3,female,22.0,0,0,7.75,S,Third,woman,False,Southampton,yes,True,-0.5636740664747023,-0.4901732204014585
1,3,female,24.0,1,0,15.85,S,Third,woman,False,Southampton,yes,False,-0.4095626884556714,-0.3270954232574974
0,3,male,19.0,0,0,6.75,Q,Third,man,True,Queenstown,no,True,-0.7948411335032486,-0.5103062817772562
0,2,male,18.0,0,0,11.5,S,Second,man,True,Southampton,no,True,-0.871896822512764,-0.4146742402422173
0,2,male,19.0,1,1,36.75,S,Second,man,True,Southampton,no,False,-0.7948411335032486,0.0936855594966736
1,3,male,27.0,0,0,7.7958,S,Third,man,True,Southampton,yes,True,-0.178395621427125,-0.489251126190447
0,3,female,9.0,2,2,34.375,S,Third,child,False,Southampton,no,False,-1.565398023598403,0.0458695387291541
0,2,male,36.5,0,2,26.0,S,Second,man,True,Southampton,no,False,0.5536334241632717,-0.1227448502931512
0,2,male,42.0,0,0,13.0,S,Second,man,True,Southampton,no,True,0.9774397137156066,-0.3844746481785208
0,2,male,51.0,0,0,12.525,S,Second,man,True,Southampton,no,True,1.6709409148012455,-0.3940378523320247
1,1,female,22.0,1,0,66.6,S,First,woman,False,Southampton,yes,False,-0.5636740664747023,0.6946574415642337
0,3,male,55.5,0,0,8.05,S,Third,man,True,Southampton,no,True,2.017691515344065,-0.4841333019887193
0,3,male,40.5,0,2,14.5,S,Third,man,True,Southampton,no,False,0.8618561802013335,-0.3542750561148243
0,3,male,28.0,0,0,7.3125,S,Third,man,True,Southampton,no,True,-0.1013399324176096,-0.49898143475337
0,1,male,51.0,0,1,61.3792,C,First,man,True,Cherbourg,no,False,1.6709409148012455,0.5895467547334693
1,3,female,16.0,0,0,7.7333,Q,Third,woman,False,Queenstown,yes,True,-1.026008200531795,-0.4905094425264344
0,3,male,30.0,0,0,8.05,S,Third,man,True,Southampton,no,True,0.0527714456014212,-0.4841333019887193
0,3,male,28.0,0,0,8.6625,S,Third,man,True,Southampton,no,True,-0.1013399324176096,-0.4718018018960432
0,3,male,28.0,8,2,69.55,S,Third,man,True,Southampton,no,False,-0.1013399324176096,0.7540499726228369
0,3,male,44.0,0,1,16.1,S,Third,man,True,Southampton,no,False,1.1315510917346374,-0.3220621579135481
1,2,female,40.0,0,0,15.75,S,Second,woman,False,Southampton,yes,True,0.8233283356965757,-0.3291087293950773
0,3,male,26.0,0,0,7.775,S,Third,man,True,Southampton,no,True,-0.2554513104366405,-0.4896698938670636
0,3,male,17.0,0,0,8.6625,S,Third,man,True,Southampton,no,True,-0.9489525115222794,-0.4718018018960432
0,3,male,1.0,4,1,39.6875,S,Third,child,False,Southampton,no,False,-2.1818435356745267,0.1528264272880792
1,3,male,9.0,0,2,20.525,S,Third,child,False,Southampton,yes,False,-1.565398023598403,-0.2329733613256434
1,1,female,28.0,0,1,55.0,S,First,woman,False,Southampton,yes,False,-0.1013399324176096,0.4611139296049809
0,3,female,45.0,1,4,27.9,S,Third,woman,False,Southampton,no,False,1.208606780744153,-0.0844920336791357
0,1,male,28.0,0,0,25.925,S,First,man,True,Southampton,no,True,-0.1013399324176096,-0.124254829896336
0,3,male,28.0,0,0,56.4958,S,Third,man,True,Southampton,no,True,-0.1013399324176096,0.4912289628108992
0,1,male,61.0,0,0,33.5,S,First,man,True,Southampton,no,True,2.4414978048964,0.0282531100253312
0,3,male,4.0,4,1,29.125,Q,Third,child,False,Queenstown,no,False,-1.9506764686459803,-0.0598290334937835
1,3,female,1.0,1,1,11.1333,S,Third,child,False,Southampton,yes,False,-2.1818435356745267,-0.4220570338487224
0,3,male,21.0,0,0,7.925,S,Third,man,True,Southampton,no,True,-0.6407297554842177,-0.4866499346606939
0,1,male,56.0,0,0,30.6958,C,First,man,True,Cherbourg,no,True,2.0562193598488228,-0.0282040206846806
0,3,male,18.0,1,1,7.8542,S,Third,man,True,Southampton,no,False,-0.871896822512764,-0.4880753554061005
0,3,male,28.0,3,1,25.4667,S,Third,man,True,Southampton,no,False,-0.1013399324176096,-0.1334818119248641
0,1,female,50.0,0,0,28.7125,C,First,woman,False,Cherbourg,no,True,1.5938852257917302,-0.0681339213113001
0,2,male,30.0,0,0,13.0,S,Second,man,True,Southampton,no,True,0.0527714456014212,-0.3844746481785208
0,3,male,36.0,0,0,0.0,S,Third,man,True,Southampton,no,True,0.5151055796585139,-0.6462044460638905
0,3,female,28.0,8,2,69.55,S,Third,woman,False,Southampton,no,False,-0.1013399324176096,0.7540499726228369
0,2,male,28.0,0,0,15.05,C,Second,man,True,Cherbourg,no,True,-0.1013399324176096,-0.3432018723581356
0,3,male,9.0,4,2,31.3875,S,Third,child,False,Southampton,no,False,-1.565398023598403,-0.0142779821310413
1,2,male,1.0,2,1,39.0,S,Second,child,False,Southampton,yes,False,-2.1818435356745267,0.1389849475922183
1,3,female,4.0,0,2,22.025,S,Third,child,False,Southampton,yes,False,-1.9506764686459803,-0.2027737692619469
0,1,male,28.0,0,0,50.0,S,First,man,True,Southampton,no,True,-0.1013399324176096,0.3604486227259926
1,3,female,28.0,1,0,15.5,Q,Third,woman,False,Queenstown,yes,False,-0.1013399324176096,-0.3341419947390266
1,1,male,45.0,0,0,26.55,S,First,man,True,Southampton,yes,True,1.208606780744153,-0.1116716665364625
0,3,male,40.0,1,1,15.5,Q,Third,man,True,Queenstown,no,False,0.8233283356965757,-0.3341419947390266
0,3,male,36.0,0,0,7.8958,S,Third,man,True,Southampton,no,True,0.5151055796585139,-0.4872378200528672
1,2,female,32.0,0,0,13.0,S,Second,woman,False,Southampton,yes,True,0.2068828236204521,-0.3844746481785208
0,2,male,19.0,0,0,13.0,S,Second,man,True,Southampton,no,True,-0.7948411335032486,-0.3844746481785208
1,3,female,19.0,1,0,7.8542,S,Third,woman,False,Southampton,yes,False,-0.7948411335032486,-0.4880753554061005
1,2,male,3.0,1,1,26.0,S,Second,child,False,Southampton,yes,False,-2.0277321576554956,-0.1227448502931512
1,1,female,44.0,0,0,27.7208,C,First,woman,False,Cherbourg,yes,True,1.1315510917346374,-0.0880998782776786
1,1,female,58.0,0,0,146.5208,C,First,woman,False,Cherbourg,yes,True,2.210330737867854,2.3037078131670836
0,3,male,28.0,0,0,7.75,Q,Third,man,True,Queenstown,no,True,-0.1013399324176096,-0.4901732204014585
0,3,male,42.0,0,1,8.4042,S,Third,man,True,Southampton,no,False,0.9774397137156066,-0.4770021716494118
1,3,female,28.0,0,0,7.75,Q,Third,woman,False,Queenstown,yes,True,-0.1013399324176096,-0.4901732204014585
0,2,female,24.0,0,0,13.0,S,Second,woman,False,Southampton,no,True,-0.4095626884556714,-0.3844746481785208
0,3,male,28.0,0,0,9.5,S,Third,man,True,Southampton,no,True,-0.1013399324176096,-0.4549403629938127
0,3,male,28.0,8,2,69.55,S,Third,man,True,Southampton,no,False,-0.1013399324176096,0.7540499726228369
0,3,male,34.0,0,0,6.4958,S,Third,man,True,Southampton,no,True,0.360994201639483,-0.515424105978984
0,3,male,45.5,0,0,7.225,C,Third,man,True,Cherbourg,no,True,1.2471346252489106,-0.5007430776237524
1,3,male,18.0,0,0,8.05,S,Third,man,True,Southampton,yes,True,-0.871896822512764,-0.4841333019887193
0,3,female,2.0,0,1,10.4625,S,Third,child,False,Southampton,no,False,-2.104787846665011,-0.4355622914196074
0,3,male,32.0,1,0,15.85,S,Third,man,True,Southampton,no,False,0.2068828236204521,-0.3270954232574974
1,3,male,26.0,0,0,18.7875,C,Third,man,True,Cherbourg,yes,True,-0.2554513104366405,-0.2679545554660918
1,3,female,16.0,0,0,7.75,Q,Third,woman,False,Queenstown,yes,True,-1.026008200531795,-0.4901732204014585
1,1,male,40.0,0,0,31.0,C,First,man,True,Cherbourg,yes,True,0.8233283356965757,-0.0220795434141629
0,3,male,24.0,0,0,7.05,S,Third,man,True,Southampton,no,True,-0.4095626884556714,-0.5042663633645169
1,2,female,35.0,0,0,21.0,S,Second,woman,False,Southampton,yes,True,0.4380498906489985,-0.2234101571721395
0,3,male,22.0,0,0,7.25,S,Third,man,True,Southampton,no,True,-0.5636740664747023,-0.5002397510893574
0,2,male,30.0,0,0,13.0,S,Second,man,True,Southampton,no,True,0.0527714456014212,-0.3844746481785208
0,3,male,28.0,1,0,7.75,Q,Third,man,True,Queenstown,no,False,-0.1013399324176096,-0.4901732204014585
1,1,female,31.0,1,0,113.275,C,First,woman,False,Cherbourg,yes,False,0.1298271346109367,1.6343680812795898
1,3,female,27.0,0,0,7.925,S,Third,woman,False,Southampton,yes,True,-0.178395621427125,-0.4866499346606939
0,2,male,42.0,1,0,27.0,S,Second,man,True,Southampton,no,False,0.9774397137156066,-0.1026117889173535
1,1,female,32.0,0,0,76.2917,C,First,woman,False,Cherbourg,yes,True,0.2068828236204521,0.8897810325000521
0,2,male,30.0,0,0,10.5,S,Second,man,True,Southampton,no,True,0.0527714456014212,-0.434807301618015
1,3,male,16.0,0,0,8.05,S,Third,man,True,Southampton,yes,True,-1.026008200531795,-0.4841333019887193
0,2,male,27.0,0,0,13.0,S,Second,man,True,Southampton,no,True,-0.178395621427125,-0.3844746481785208
0,3,male,51.0,0,0,8.05,S,Third,man,True,Southampton,no,True,1.6709409148012455,-0.4841333019887193
0,3,male,28.0,0,0,7.8958,S,Third,man,True,Southampton,no,True,-0.1013399324176096,-0.4872378200528672
1,1,male,38.0,1,0,90.0,S,First,man,True,Southampton,yes,False,0.6692169576775449,1.1657710777578991
0,3,male,22.0,0,0,9.35,S,Third,man,True,Southampton,no,True,-0.5636740664747023,-0.4579603222001823
1,2,male,19.0,0,0,10.5,S,Second,man,True,Southampton,yes,True,-0.7948411335032486,-0.434807301618015
0,3,male,20.5,0,0,7.25,S,Third,man,True,Southampton,no,True,-0.6792575999889754,-0.5002397510893574
0,2,male,18.0,0,0,13.0,S,Second,man,True,Southampton,no,True,-0.871896822512764,-0.3844746481785208
0,3,female,28.0,3,1,25.4667,S,Third,woman,False,Southampton,no,False,-0.1013399324176096,-0.1334818119248641
1,1,female,35.0,1,0,83.475,S,First,woman,False,Southampton,yes,False,0.4380498906489985,1.0344028522808193
0,3,male,29.0,0,0,7.775,S,Third,man,True,Southampton,no,True,-0.0242842434080941,-0.4896698938670636
0,2,male,59.0,0,0,13.5,S,Second,man,True,Southampton,no,True,2.287386426877369,-0.374408117490622
1,3,female,5.0,4,2,31.3875,S,Third,child,False,Southampton,yes,False,-1.8736207796364648,-0.0142779821310413
0,2,male,24.0,0,0,10.5,S,Second,man,True,Southampton,no,True,-0.4095626884556714,-0.434807301618015
0,3,female,28.0,0,0,7.55,S,Third,woman,False,Southampton,no,True,-0.1013399324176096,-0.4941998326766181
0,2,male,44.0,1,0,26.0,S,Second,man,True,Southampton,no,False,1.1315510917346374,-0.1227448502931512
1,2,female,8.0,0,2,26.25,S,Second,child,False,Southampton,yes,False,-1.6424537126079184,-0.1177115849492018
0,2,male,19.0,0,0,10.5,S,Second,man,True,Southampton,no,True,-0.7948411335032486,-0.434807301618015
0,2,male,33.0,0,0,12.275,S,Second,man,True,Southampton,no,True,0.2839385126299676,-0.3990711176759742
0,3,female,28.0,1,0,14.4542,C,Third,woman,False,Cherbourg,no,False,-0.1013399324176096,-0.3551971503258359
1,3,female,28.0,1,0,15.5,Q,Third,woman,False,Queenstown,yes,False,-0.1013399324176096,-0.3341419947390266
0,2,male,29.0,0,0,10.5,S,Second,man,True,Southampton,no,True,-0.0242842434080941,-0.434807301618015
0,3,male,22.0,0,0,7.125,S,Third,man,True,Southampton,no,True,-0.5636740664747023,-0.5027563837613321
0,3,male,30.0,0,0,7.225,C,Third,man,True,Cherbourg,no,True,0.0527714456014212,-0.5007430776237524
0,1,male,44.0,2,0,90.0,Q,First,man,True,Queenstown,no,False,1.1315510917346374,1.1657710777578991
0,3,female,25.0,0,0,7.775,S,Third,woman,False,Southampton,no,True,-0.3325069994461559,-0.4896698938670636
1,2,female,24.0,0,2,14.5,S,Second,woman,False,Southampton,yes,False,-0.4095626884556714,-0.3542750561148243
1,1,male,37.0,1,1,52.5542,S,First,man,True,Southampton,yes,False,0.5921612686680294,0.411872488092055
0,2,male,54.0,1,0,26.0,S,Second,man,True,Southampton,no,False,1.902107981829792,-0.1227448502931512
0,3,male,28.0,0,0,7.25,S,Third,man,True,Southampton,no,True,-0.1013399324176096,-0.5002397510893574
0,3,female,29.0,1,1,10.4625,S,Third,woman,False,Southampton,no,False,-0.0242842434080941,-0.4355622914196074
0,1,male,62.0,0,0,26.55,S,First,man,True,Southampton,no,True,2.5185534939059155,-0.1116716665364625
0,3,male,30.0,1,0,16.1,S,Third,man,True,Southampton,no,False,0.0527714456014212,-0.3220621579135481
0,3,female,41.0,0,2,20.2125,S,Third,woman,False,Southampton,no,False,0.9003840247060911,-0.2392649430055802
1,3,female,29.0,0,2,15.2458,C,Third,woman,False,Cherbourg,yes,False,-0.0242842434080941,-0.3392598189407544
1,1,female,28.0,0,0,79.2,C,First,woman,False,Cherbourg,yes,True,-0.1013399324176096,0.9483340148992844
1,1,female,30.0,0,0,86.5,S,First,woman,False,Southampton,yes,True,0.0527714456014212,1.0953053629426073
1,1,female,35.0,0,0,512.3292,C,First,woman,False,Cherbourg,yes,True,0.4380498906489985,9.668550782149426
1,2,female,50.0,0,1,26.0,S,Second,woman,False,Southampton,yes,False,1.5938852257917302,-0.1227448502931512
0,3,male,28.0,0,0,7.75,Q,Third,man,True,Queenstown,no,True,-0.1013399324176096,-0.4901732204014585
1,3,male,3.0,4,2,31.3875,S,Third,child,False,Southampton,yes,False,-2.0277321576554956,-0.0142779821310413
0,1,male,52.0,1,1,79.65,S,First,man,True,Southampton,no,False,1.747996603810761,0.9573938925183936
0,1,male,40.0,0,0,0.0,S,First,man,True,Southampton,no,True,0.8233283356965757,-0.6462044460638905
0,3,female,28.0,0,0,7.75,Q,Third,woman,False,Queenstown,no,True,-0.1013399324176096,-0.4901732204014585
0,2,male,36.0,0,0,10.5,S,Second,man,True,Southampton,no,True,0.5151055796585139,-0.434807301618015
0,3,male,16.0,4,1,39.6875,S,Third,man,True,Southampton,no,False,-1.026008200531795,0.1528264272880792
1,3,male,25.0,1,0,7.775,S,Third,man,True,Southampton,yes,False,-0.3325069994461559,-0.4896698938670636
1,1,female,58.0,0,1,153.4625,S,First,woman,False,Southampton,yes,False,2.210330737867854,2.443465485319458
1,1,female,35.0,0,0,135.6333,S,First,woman,False,Southampton,yes,True,0.4380498906489985,2.084509107438086
0,1,male,28.0,0,0,31.0,S,First,man,True,Southampton,no,True,-0.1013399324176096,-0.0220795434141629
1,3,male,25.0,0,0,0.0,S,Third,man,True,Southampton,yes,True,-0.3325069994461559,-0.6462044460638905
1,2,female,41.0,0,1,19.5,S,Second,woman,False,Southampton,yes,False,0.9003840247060911,-0.253609749235836
0,1,male,37.0,0,1,29.7,C,First,man,True,Cherbourg,no,False,0.5921612686680294,-0.0482525232026999
1,3,female,28.0,0,0,7.75,Q,Third,woman,False,Queenstown,yes,True,-0.1013399324176096,-0.4901732204014585
1,1,female,63.0,1,0,77.9583,S,First,woman,False,Southampton,yes,False,2.5956091829154313,0.9233347925889565
0,3,female,45.0,0,0,7.75,S,Third,woman,False,Southampton,no,True,1.208606780744153,-0.4901732204014585
0,2,male,28.0,0,0,0.0,S,Second,man,True,Southampton,no,True,-0.1013399324176096,-0.6462044460638905
0,3,male,7.0,4,1,29.125,Q,Third,child,False,Queenstown,no,False,-1.719509401617434,-0.0598290334937835
1,3,female,35.0,1,1,20.25,S,Third,woman,False,Southampton,yes,False,0.4380498906489985,-0.2385099532039878
0,3,male,65.0,0,0,7.75,Q,Third,man,True,Queenstown,no,True,2.749720560934462,-0.4901732204014585
0,3,male,28.0,0,0,7.8542,S,Third,man,True,Southampton,no,True,-0.1013399324176096,-0.4880753554061005
0,3,male,16.0,0,0,9.5,S,Third,man,True,Southampton,no,True,-1.026008200531795,-0.4549403629938127
1,3,male,19.0,0,0,8.05,S,Third,man,True,Southampton,yes,True,-0.7948411335032486,-0.4841333019887193
0,1,male,28.0,0,0,26.0,S,First,man,True,Southampton,no,True,-0.1013399324176096,-0.1227448502931512
0,3,male,33.0,0,0,8.6625,C,Third,man,True,Cherbourg,no,True,0.2839385126299676,-0.4718018018960432
1,3,male,30.0,0,0,9.5,S,Third,man,True,Southampton,yes,True,0.0527714456014212,-0.4549403629938127
0,3,male,22.0,0,0,7.8958,S,Third,man,True,Southampton,no,True,-0.5636740664747023,-0.4872378200528672
1,2,male,42.0,0,0,13.0,S,Second,man,True,Southampton,yes,True,0.9774397137156066,-0.3844746481785208
1,3,female,22.0,0,0,7.75,Q,Third,woman,False,Queenstown,yes,True,-0.5636740664747023,-0.4901732204014585
1,1,female,26.0,0,0,78.85,S,First,woman,False,Southampton,yes,True,-0.2554513104366405,0.941287443417755
1,1,female,19.0,1,0,91.0792,C,First,woman,False,Cherbourg,yes,False,-0.7948411335032486,1.18749867759466
0,2,male,36.0,0,0,12.875,C,Second,man,True,Cherbourg,no,True,0.5151055796585139,-0.3869912808504955
0,3,female,24.0,0,0,8.85,S,Third,woman,False,Southampton,no,True,-0.4095626884556714,-0.4680268528880811
0,3,male,24.0,0,0,7.8958,S,Third,man,True,Southampton,no,True,-0.4095626884556714,-0.4872378200528672
0,1,male,28.0,0,0,27.7208,C,First,man,True,Cherbourg,no,True,-0.1013399324176096,-0.0880998782776786
0,3,male,23.5,0,0,7.2292,C,Third,man,True,Cherbourg,no,True,-0.4480905329604291,-0.500658518765974
0,1,female,2.0,1,2,151.55,S,First,child,False,Southampton,no,False,-2.104787846665011,2.404961005438245
1,1,male,28.0,0,0,30.5,S,First,man,True,Southampton,yes,True,-0.1013399324176096,-0.0321460741020617
1,1,female,50.0,0,1,247.5208,C,First,woman,False,Cherbourg,yes,False,1.5938852257917302,4.337147012122648
1,3,female,28.0,0,0,7.75,Q,Third,woman,False,Queenstown,yes,True,-0.1013399324176096,-0.4901732204014585
1,3,male,28.0,2,0,23.25,Q,Third,man,True,Queenstown,yes,False,-0.1013399324176096,-0.1781107690765948
0,3,male,19.0,0,0,0.0,S,Third,man,True,Southampton,no,True,-0.7948411335032486,-0.6462044460638905
1,2,female,28.0,0,0,12.35,Q,Second,woman,False,Queenstown,yes,True,-0.1013399324176096,-0.3975611380727893
0,3,male,28.0,0,0,8.05,S,Third,man,True,Southampton,no,True,-0.1013399324176096,-0.4841333019887193
1,1,male,0.92,1,2,151.55,S,First,child,False,Southampton,yes,False,-2.188007990795288,2.404961005438245
1,1,female,28.0,0,0,110.8833,C,First,woman,False,Cherbourg,yes,True,-0.1013399324176096,1.5862158383870948
1,1,female,17.0,1,0,108.9,C,First,woman,False,Cherbourg,yes,False,-0.9489525115222794,1.546285937760475
0,2,male,30.0,1,0,24.0,C,Second,man,True,Cherbourg,no,False,0.0527714456014212,-0.1630109730447465
1,1,female,30.0,0,0,56.9292,C,First,woman,False,Cherbourg,yes,True,0.0527714456014212,0.4999546316111698
1,1,female,24.0,0,0,83.1583,C,First,woman,False,Cherbourg,yes,True,-0.4095626884556714,1.028026711743104
1,1,female,18.0,2,2,262.375,C,First,woman,False,Cherbourg,yes,False,-0.871896822512764,4.636207532411021
0,2,female,26.0,1,1,26.0,S,Second,woman,False,Southampton,no,False,-0.2554513104366405,-0.1227448502931512
0,3,male,28.0,0,0,7.8958,S,Third,man,True,Southampton,no,True,-0.1013399324176096,-0.4872378200528672
0,2,male,43.0,1,1,26.25,S,Second,man,True,Southampton,no,False,1.054495402725122,-0.1177115849492018
1,3,female,26.0,0,0,7.8542,S,Third,woman,False,Southampton,yes,True,-0.2554513104366405,-0.4880753554061005
1,2,female,24.0,1,0,26.0,S,Second,woman,False,Southampton,yes,False,-0.4095626884556714,-0.1227448502931512
0,2,male,54.0,0,0,14.0,S,Second,man,True,Southampton,no,True,1.902107981829792,-0.3643415868027231
1,1,female,31.0,0,2,164.8667,S,First,woman,False,Southampton,yes,False,0.1298271346109367,2.67306694386133
1,1,female,40.0,1,1,134.5,C,First,woman,False,Cherbourg,yes,False,0.8233283356965757,2.061692308980895
0,3,male,22.0,0,0,7.25,S,Third,man,True,Southampton,no,True,-0.5636740664747023,-0.5002397510893574
0,3,male,27.0,0,0,7.8958,S,Third,man,True,Southampton,no,True,-0.178395621427125,-0.4872378200528672
1,2,female,30.0,0,0,12.35,Q,Second,woman,False,Queenstown,yes,True,0.0527714456014212,-0.3975611380727893
1,2,female,22.0,1,1,29.0,S,Second,woman,False,Southampton,yes,False,-0.5636740664747023,-0.0623456661657582
0,3,male,28.0,8,2,69.55,S,Third,man,True,Southampton,no,False,-0.1013399324176096,0.7540499726228369
1,1,female,36.0,0,0,135.6333,C,First,woman,False,Cherbourg,yes,True,0.5151055796585139,2.084509107438086
0,3,male,61.0,0,0,6.2375,S,Third,man,True,Southampton,no,True,2.4414978048964,-0.5206244757323525
1,2,female,36.0,0,0,13.0,S,Second,woman,False,Southampton,yes,True,0.5151055796585139,-0.3844746481785208
1,3,female,31.0,1,1,20.525,S,Third,woman,False,Southampton,yes,False,0.1298271346109367,-0.2329733613256434
1,1,female,16.0,0,1,57.9792,C,First,woman,False,Cherbourg,yes,False,-1.026008200531795,0.5210943460557573
1,3,female,28.0,2,0,23.25,Q,Third,woman,False,Queenstown,yes,False,-0.1013399324176096,-0.1781107690765948
0,1,male,45.5,0,0,28.5,S,First,man,True,Southampton,no,True,1.2471346252489106,-0.072412196853657
0,1,male,38.0,0,1,153.4625,S,First,man,True,Southampton,no,False,0.6692169576775449,2.443465485319458
0,3,male,16.0,2,0,18.0,S,Third,man,True,Southampton,no,False,-1.026008200531795,-0.2838093412995325
1,1,female,28.0,1,0,133.65,S,First,woman,False,Southampton,yes,False,-0.1013399324176096,2.044579206811467
0,3,male,28.0,0,0,7.8958,S,Third,man,True,Southampton,no,True,-0.1013399324176096,-0.4872378200528672
0,1,male,29.0,1,0,66.6,S,First,man,True,Southampton,no,False,-0.0242842434080941,0.6946574415642337
1,1,female,41.0,0,0,134.5,C,First,woman,False,Cherbourg,yes,True,0.9003840247060911,2.061692308980895
1,3,male,45.0,0,0,8.05,S,Third,man,True,Southampton,yes,True,1.208606780744153,-0.4841333019887193
0,1,male,45.0,0,0,35.5,S,First,man,True,Southampton,no,True,1.208606780744153,0.0685192327769265
1,2,male,2.0,1,1,26.0,S,Second,child,False,Southampton,yes,False,-2.104787846665011,-0.1227448502931512
1,1,female,24.0,3,2,263.0,S,First,woman,False,Southampton,yes,False,-0.4095626884556714,4.648790695770894
0,2,male,28.0,0,0,13.0,S,Second,man,True,Southampton,no,True,-0.1013399324176096,-0.3844746481785208
0,2,male,25.0,0,0,13.0,S,Second,man,True,Southampton,no,True,-0.3325069994461559,-0.3844746481785208
0,2,male,36.0,0,0,13.0,S,Second,man,True,Southampton,no,True,0.5151055796585139,-0.3844746481785208
1,2,female,24.0,0,0,13.0,S,Second,woman,False,Southampton,yes,True,-0.4095626884556714,-0.3844746481785208
1,2,female,40.0,0,0,13.0,S,Second,woman,False,Southampton,yes,True,0.8233283356965757,-0.3844746481785208
1,3,female,28.0,1,0,16.1,S,Third,woman,False,Southampton,yes,False,-0.1013399324176096,-0.3220621579135481
1,3,male,3.0,1,1,15.9,S,Third,child,False,Southampton,yes,False,-2.0277321576554956,-0.3260887701887076
0,3,male,42.0,0,0,8.6625,S,Third,man,True,Southampton,no,True,0.9774397137156066,-0.4718018018960432
0,3,male,23.0,0,0,9.225,S,Third,man,True,Southampton,no,True,-0.4866183774651868,-0.460476954872157
0,1,male,28.0,0,0,35.0,S,First,man,True,Southampton,no,True,-0.1013399324176096,0.0584527020890277
0,3,male,15.0,1,1,7.2292,C,Third,child,False,Cherbourg,no,False,-1.1030638895413103,-0.500658518765974
0,3,male,25.0,1,0,17.8,S,Third,man,True,Southampton,no,False,-0.3325069994461559,-0.287835953574692
0,3,male,28.0,0,0,7.225,C,Third,man,True,Cherbourg,no,True,-0.1013399324176096,-0.5007430776237524
0,3,male,28.0,0,0,9.5,S,Third,man,True,Southampton,no,True,-0.1013399324176096,-0.4549403629938127
1,1,female,22.0,0,1,55.0,S,First,woman,False,Southampton,yes,False,-0.5636740664747023,0.4611139296049809
0,2,female,38.0,0,0,13.0,S,Second,woman,False,Southampton,no,True,0.6692169576775449,-0.3844746481785208
1,3,female,28.0,0,0,7.8792,Q,Third,woman,False,Queenstown,yes,True,-0.1013399324176096,-0.4875720288717055
1,3,female,28.0,0,0,7.8792,Q,Third,woman,False,Queenstown,yes,True,-0.1013399324176096,-0.4875720288717055
0,3,male,40.0,1,4,27.9,S,Third,man,True,Southampton,no,False,0.8233283356965757,-0.0844920336791357
0,2,male,29.0,1,0,27.7208,C,Second,man,True,Cherbourg,no,False,-0.0242842434080941,-0.0880998782776786
0,3,female,45.0,0,1,14.4542,C,Third,woman,False,Cherbourg,no,False,1.208606780744153,-0.3551971503258359
0,3,male,35.0,0,0,7.05,S,Third,man,True,Southampton,no,True,0.4380498906489985,-0.5042663633645169
0,3,male,28.0,1,0,15.5,Q,Third,man,True,Queenstown,no,False,-0.1013399324176096,-0.3341419947390266
0,3,male,30.0,0,0,7.25,S,Third,man,True,Southampton,no,True,0.0527714456014212,-0.5002397510893574
1,1,female,60.0,1,0,75.25,C,First,woman,False,Cherbourg,yes,False,2.3644421158868845,0.8688084224648837
1,3,female,28.0,0,0,7.2292,C,Third,woman,False,Cherbourg,yes,True,-0.1013399324176096,-0.500658518765974
1,3,female,28.0,0,0,7.75,Q,Third,woman,False,Queenstown,yes,True,-0.1013399324176096,-0.4901732204014585
1,1,female,24.0,0,0,69.3,C,First,woman,False,Cherbourg,yes,True,-0.4095626884556714,0.7490167072788875
1,1,male,25.0,1,0,55.4417,C,First,man,True,Cherbourg,yes,False,-0.3325069994461559,0.4700067028146707
0,3,male,18.0,1,0,6.4958,S,Third,man,True,Southampton,no,False,-0.871896822512764,-0.515424105978984
0,3,male,19.0,0,0,8.05,S,Third,man,True,Southampton,no,True,-0.7948411335032486,-0.4841333019887193
0,1,male,22.0,0,0,135.6333,C,First,man,True,Cherbourg,no,True,-0.5636740664747023,2.084509107438086
0,3,female,3.0,3,1,21.075,S,Third,child,False,Southampton,no,False,-2.0277321576554956,-0.2219001775689547
1,1,female,28.0,1,0,82.1708,C,First,woman,False,Cherbourg,yes,False,-0.1013399324176096,1.008145313634504
1,3,female,22.0,0,0,7.25,S,Third,woman,False,Southampton,yes,True,-0.5636740664747023,-0.5002397510893574
0,1,male,27.0,0,2,211.5,C,First,man,True,Cherbourg,no,False,-0.178395621427125,3.6119380349173142
0,3,male,20.0,0,0,4.0125,C,Third,man,True,Cherbourg,no,True,-0.7177854444937332,-0.5654205372935024
0,3,male,19.0,0,0,7.775,S,Third,man,True,Southampton,no,True,-0.7948411335032486,-0.4896698938670636
1,1,female,42.0,0,0,227.525,C,First,woman,False,Cherbourg,yes,True,0.9774397137156066,3.9345703434644728
1,3,female,1.0,0,2,15.7417,C,Third,child,False,Cherbourg,yes,False,-2.1818435356745267,-0.3292758338044964
0,3,male,32.0,0,0,7.925,S,Third,man,True,Southampton,no,True,0.2068828236204521,-0.4866499346606939
1,1,female,35.0,1,0,52.0,S,First,woman,False,Southampton,yes,False,0.4380498906489985,0.4007147454775879
0,3,male,28.0,0,0,7.8958,S,Third,man,True,Southampton,no,True,-0.1013399324176096,-0.4872378200528672
0,2,male,18.0,0,0,73.5,S,Second,man,True,Southampton,no,True,-0.871896822512764,0.8335755650572377
0,3,male,1.0,5,2,46.9,S,Third,child,False,Southampton,no,False,-2.1818435356745267,0.2980361324610198
1,2,female,36.0,0,0,13.0,S,Second,woman,False,Southampton,yes,True,0.5151055796585139,-0.3844746481785208
0,3,male,28.0,0,0,7.7292,Q,Third,man,True,Queenstown,no,True,-0.1013399324176096,-0.4905919880780752
1,2,female,17.0,0,0,12.0,C,Second,woman,False,Cherbourg,yes,True,-0.9489525115222794,-0.4046077095543185
1,1,male,36.0,1,2,120.0,S,First,man,True,Southampton,yes,False,0.5151055796585139,1.769762919031829
1,3,male,21.0,0,0,7.7958,S,Third,man,True,Southampton,yes,True,-0.6407297554842177,-0.489251126190447
0,3,male,28.0,2,0,7.925,S,Third,man,True,Southampton,no,False,-0.1013399324176096,-0.4866499346606939
1,1,female,23.0,1,0,113.275,C,First,woman,False,Cherbourg,yes,False,-0.4866183774651868,1.6343680812795898
1,3,female,24.0,0,2,16.7,S,Third,woman,False,Southampton,yes,False,-0.4095626884556714,-0.3099823210880695
0,3,male,22.0,0,0,7.7958,S,Third,man,True,Southampton,no,True,-0.5636740664747023,-0.489251126190447
0,3,female,31.0,0,0,7.8542,S,Third,woman,False,Southampton,no,True,0.1298271346109367,-0.4880753554061005
0,2,male,46.0,0,0,26.0,S,Second,man,True,Southampton,no,True,1.2856624697536685,-0.1227448502931512
0,2,male,23.0,0,0,10.5,S,Second,man,True,Southampton,no,True,-0.4866183774651868,-0.434807301618015
1,2,female,28.0,0,0,12.65,S,Second,woman,False,Southampton,yes,True,-0.1013399324176096,-0.39152121966005
1,3,male,39.0,0,0,7.925,S,Third,man,True,Southampton,yes,True,0.7462726466870603,-0.4866499346606939
0,3,male,26.0,0,0,8.05,S,Third,man,True,Southampton,no,True,-0.2554513104366405,-0.4841333019887193
0,3,female,21.0,1,0,9.825,S,Third,woman,False,Southampton,no,False,-0.6407297554842177,-0.4483971180466784
0,3,male,28.0,1,0,15.85,S,Third,man,True,Southampton,no,False,-0.1013399324176096,-0.3270954232574974
0,3,female,20.0,0,0,8.6625,S,Third,woman,False,Southampton,no,True,-0.7177854444937332,-0.4718018018960432
0,2,male,34.0,1,0,21.0,S,Second,man,True,Southampton,no,False,0.360994201639483,-0.2234101571721395
0,3,male,51.0,0,0,7.75,S,Third,man,True,Southampton,no,True,1.6709409148012455,-0.4901732204014585
1,2,male,3.0,1,1,18.75,S,Second,child,False,Southampton,yes,False,-2.0277321576554956,-0.2687095452676843
0,3,male,21.0,0,0,7.775,S,Third,man,True,Southampton,no,True,-0.6407297554842177,-0.4896698938670636
0,3,female,28.0,3,1,25.4667,S,Third,woman,False,Southampton,no,False,-0.1013399324176096,-0.1334818119248641
0,3,male,28.0,0,0,7.8958,S,Third,man,True,Southampton,no,True,-0.1013399324176096,-0.4872378200528672
0,3,male,28.0,0,0,6.8583,Q,Third,man,True,Queenstown,no,True,-0.1013399324176096,-0.5081258712302573
1,1,female,33.0,1,0,90.0,Q,First,woman,False,Queenstown,yes,False,0.2839385126299676,1.1657710777578991
0,2,male,28.0,0,0,0.0,S,Second,man,True,Southampton,no,True,-0.1013399324176096,-0.6462044460638905
1,3,male,44.0,0,0,7.925,S,Third,man,True,Southampton,yes,True,1.1315510917346374,-0.4866499346606939
0,3,female,28.0,0,0,8.05,S,Third,woman,False,Southampton,no,True,-0.1013399324176096,-0.4841333019887193
1,2,female,34.0,1,1,32.5,S,Second,woman,False,Southampton,yes,False,0.360994201639483,0.0081200486495335
1,2,female,18.0,0,2,13.0,S,Second,woman,False,Southampton,yes,False,-0.871896822512764,-0.3844746481785208
0,2,male,30.0,0,0,13.0,S,Second,man,True,Southampton,no,True,0.0527714456014212,-0.3844746481785208
0,3,female,10.0,0,2,24.15,S,Third,child,False,Southampton,no,False,-1.4883423345888875,-0.1599910138383769
0,3,male,28.0,0,0,7.8958,C,Third,man,True,Cherbourg,no,True,-0.1013399324176096,-0.4872378200528672
0,3,male,21.0,0,0,7.7333,Q,Third,man,True,Queenstown,no,True,-0.6407297554842177,-0.4905094425264344
0,3,male,29.0,0,0,7.875,S,Third,man,True,Southampton,no,True,-0.0242842434080941,-0.4876565877294839
0,3,female,28.0,1,1,14.4,S,Third,woman,False,Southampton,no,False,-0.1013399324176096,-0.3562883622524042
0,3,male,18.0,1,1,20.2125,S,Third,man,True,Southampton,no,False,-0.871896822512764,-0.2392649430055802
0,3,male,28.0,0,0,7.25,S,Third,man,True,Southampton,no,True,-0.1013399324176096,-0.5002397510893574
1,2,female,28.0,1,0,26.0,S,Second,woman,False,Southampton,yes,False,-0.1013399324176096,-0.1227448502931512
1,2,female,19.0,0,0,26.0,S,Second,woman,False,Southampton,yes,True,-0.7948411335032486,-0.1227448502931512
0,3,male,28.0,0,0,7.75,Q,Third,man,True,Queenstown,no,True,-0.1013399324176096,-0.4901732204014585
1,3,male,32.0,0,0,8.05,S,Third,man,True,Southampton,yes,True,0.2068828236204521,-0.4841333019887193
1,1,male,28.0,0,0,26.55,S,First,man,True,Southampton,yes,True,-0.1013399324176096,-0.1116716665364625
1,3,female,28.0,1,0,16.1,S,Third,woman,False,Southampton,yes,False,-0.1013399324176096,-0.3220621579135481
1,2,female,42.0,1,0,26.0,S,Second,woman,False,Southampton,yes,False,0.9774397137156066,-0.1227448502931512
0,3,male,17.0,0,0,7.125,S,Third,man,True,Southampton,no,True,-0.9489525115222794,-0.5027563837613321
0,1,male,50.0,1,0,55.9,S,First,man,True,Southampton,no,False,1.5938852257917302,0.4792336848431988
1,1,female,14.0,1,2,120.0,S,First,child,False,Southampton,yes,False,-1.1801195785508258,1.769762919031829
0,3,female,21.0,2,2,34.375,S,Third,woman,False,Southampton,no,False,-0.6407297554842177,0.0458695387291541
1,2,female,24.0,2,3,18.75,S,Second,woman,False,Southampton,yes,False,-0.4095626884556714,-0.2687095452676843
0,1,male,64.0,1,4,263.0,S,First,man,True,Southampton,no,False,2.6726648719249466,4.648790695770894
0,2,male,31.0,0,0,10.5,S,Second,man,True,Southampton,no,True,0.1298271346109367,-0.434807301618015
1,2,female,45.0,1,1,26.25,S,Second,woman,False,Southampton,yes,False,1.208606780744153,-0.1177115849492018
0,3,male,20.0,0,0,9.5,S,Third,man,True,Southampton,no,True,-0.7177854444937332,-0.4549403629938127
0,3,male,25.0,1,0,7.775,S,Third,man,True,Southampton,no,False,-0.3325069994461559,-0.4896698938670636
1,2,female,28.0,0,0,13.0,S,Second,woman,False,Southampton,yes,True,-0.1013399324176096,-0.3844746481785208
1,3,male,28.0,0,0,8.1125,S,Third,man,True,Southampton,yes,True,-0.1013399324176096,-0.4828749856527319
1,1,male,4.0,0,2,81.8583,S,First,child,False,Southampton,yes,False,-1.9506764686459803,1.0018537319545673
1,2,female,13.0,0,1,19.5,S,Second,child,False,Southampton,yes,False,-1.2571752675603414,-0.253609749235836
1,1,male,34.0,0,0,26.55,S,First,man,True,Southampton,yes,True,0.360994201639483,-0.1116716665364625
1,3,female,5.0,2,1,19.2583,C,Third,child,False,Cherbourg,yes,False,-1.8736207796364648,-0.2584759101703663
1,1,male,52.0,0,0,30.5,S,First,man,True,Southampton,yes,True,1.747996603810761,-0.0321460741020617
0,2,male,36.0,1,2,27.75,S,Second,man,True,Southampton,no,False,0.5151055796585139,-0.0875119928855053
0,3,male,28.0,1,0,19.9667,S,Third,man,True,Southampton,no,False,-0.1013399324176096,-0.2442136494917512
0,1,male,30.0,0,0,27.75,C,First,man,True,Cherbourg,no,True,0.0527714456014212,-0.0875119928855053
1,1,male,49.0,1,0,89.1042,C,First,man,True,Cherbourg,yes,False,1.5168295367822149,1.1477358813774596
0,3,male,28.0,0,0,8.05,S,Third,man,True,Southampton,no,True,-0.1013399324176096,-0.4841333019887193
1,3,male,29.0,0,0,7.8958,C,Third,man,True,Cherbourg,yes,True,-0.0242842434080941,-0.4872378200528672
0,1,male,65.0,0,0,26.55,S,First,man,True,Southampton,no,True,2.749720560934462,-0.1116716665364625
1,1,female,28.0,1,0,51.8625,S,First,woman,False,Southampton,yes,False,-0.1013399324176096,0.3979464495384157
1,2,female,50.0,0,0,10.5,S,Second,woman,False,Southampton,yes,True,1.5938852257917302,-0.434807301618015
0,3,male,28.0,0,0,7.75,Q,Third,man,True,Queenstown,no,True,-0.1013399324176096,-0.4901732204014585
1,1,male,48.0,0,0,26.55,S,First,man,True,Southampton,yes,True,1.4397738477726991,-0.1116716665364625
0,3,male,34.0,0,0,8.05,S,Third,man,True,Southampton,no,True,0.360994201639483,-0.4841333019887193
0,1,male,47.0,0,0,38.5,S,First,man,True,Southampton,no,True,1.3627181587631838,0.1289184169043195
0,2,male,48.0,0,0,13.0,S,Second,man,True,Southampton,no,True,1.4397738477726991,-0.3844746481785208
0,3,male,28.0,0,0,8.05,S,Third,man,True,Southampton,no,True,-0.1013399324176096,-0.4841333019887193
0,3,male,38.0,0,0,7.05,S,Third,man,True,Southampton,no,True,0.6692169576775449,-0.5042663633645169
0,2,male,28.0,0,0,0.0,S,Second,man,True,Southampton,no,True,-0.1013399324176096,-0.6462044460638905
0,1,male,56.0,0,0,26.55,S,First,man,True,Southampton,no,True,2.0562193598488228,-0.1116716665364625
0,3,male,28.0,0,0,7.725,Q,Third,man,True,Queenstown,no,True,-0.1013399324176096,-0.4906765469358535
1,3,female,0.75,2,1,19.2583,C,Third,child,False,Cherbourg,yes,False,-2.2011074579269057,-0.2584759101703663
0,3,male,28.0,0,0,7.25,S,Third,man,True,Southampton,no,True,-0.1013399324176096,-0.5002397510893574
0,3,male,38.0,0,0,8.6625,S,Third,man,True,Southampton,no,True,0.6692169576775449,-0.4718018018960432
1,2,female,33.0,1,2,27.75,S,Second,woman,False,Southampton,yes,False,0.2839385126299676,-0.0875119928855053
1,2,female,23.0,0,0,13.7917,C,Second,woman,False,Cherbourg,yes,True,-0.4866183774651868,-0.3685353034873018
0,3,female,22.0,0,0,9.8375,S,Third,woman,False,Southampton,no,True,-0.5636740664747023,-0.448145454779481
0,1,male,28.0,0,0,52.0,S,First,man,True,Southampton,no,True,-0.1013399324176096,0.4007147454775879
0,2,male,34.0,1,0,21.0,S,Second,man,True,Southampton,no,False,0.360994201639483,-0.2234101571721395
0,3,male,29.0,1,0,7.0458,S,Third,man,True,Southampton,no,False,-0.0242842434080941,-0.5043509222222953
0,3,male,22.0,0,0,7.5208,S,Third,man,True,Southampton,no,True,-0.5636740664747023,-0.4947877180687913
1,3,female,2.0,0,1,12.2875,S,Third,child,False,Southampton,yes,False,-2.104787846665011,-0.3988194544087766
0,3,male,9.0,5,2,46.9,S,Third,child,False,Southampton,no,False,-1.565398023598403,0.2980361324610198
0,2,male,28.0,0,0,0.0,S,Second,man,True,Southampton,no,True,-0.1013399324176096,-0.6462044460638905
0,3,male,50.0,0,0,8.05,S,Third,man,True,Southampton,no,True,1.5938852257917302,-0.4841333019887193
1,3,female,63.0,0,0,9.5875,S,Third,woman,False,Southampton,yes,True,2.5956091829154313,-0.4531787201234304
1,1,male,25.0,1,0,91.0792,C,First,man,True,Cherbourg,yes,False,-0.3325069994461559,1.18749867759466
0,3,female,28.0,3,1,25.4667,S,Third,woman,False,Southampton,no,False,-0.1013399324176096,-0.1334818119248641
1,1,female,35.0,1,0,90.0,S,First,woman,False,Southampton,yes,False,0.4380498906489985,1.1657710777578991
0,1,male,58.0,0,0,29.7,C,First,man,True,Cherbourg,no,True,2.210330737867854,-0.0482525232026999
0,3,male,30.0,0,0,8.05,S,Third,man,True,Southampton,no,True,0.0527714456014212,-0.4841333019887193
1,3,male,9.0,1,1,15.9,S,Third,child,False,Southampton,yes,False,-1.565398023598403,-0.3260887701887076
0,3,male,28.0,1,0,19.9667,S,Third,man,True,Southampton,no,False,-0.1013399324176096,-0.2442136494917512
0,3,male,21.0,0,0,7.25,S,Third,man,True,Southampton,no,True,-0.6407297554842177,-0.5002397510893574
0,1,male,55.0,0,0,30.5,S,First,man,True,Southampton,no,True,1.9791636708393072,-0.0321460741020617
0,1,male,71.0,0,0,49.5042,C,First,man,True,Cherbourg,no,True,3.2120546949915547,0.3504666508958721
0,3,male,21.0,0,0,8.05,S,Third,man,True,Southampton,no,True,-0.6407297554842177,-0.4841333019887193
0,3,male,28.0,0,0,14.4583,C,Third,man,True,Cherbourg,no,True,-0.1013399324176096,-0.3551146047741951
1,1,female,54.0,1,0,78.2667,C,First,woman,False,Cherbourg,yes,False,1.902107981829792,0.9295438287172524
0,3,male,28.0,0,0,15.1,S,Third,man,True,Southampton,no,True,-0.1013399324176096,-0.3421952192893457
0,1,female,25.0,1,2,151.55,S,First,woman,False,Southampton,no,False,-0.3325069994461559,2.404961005438245
0,3,male,24.0,0,0,7.7958,S,Third,man,True,Southampton,no,True,-0.4095626884556714,-0.489251126190447
0,3,male,17.0,0,0,8.6625,S,Third,man,True,Southampton,no,True,-0.9489525115222794,-0.4718018018960432
0,3,female,21.0,0,0,7.75,Q,Third,woman,False,Queenstown,no,True,-0.6407297554842177,-0.4901732204014585
0,3,female,28.0,0,0,7.6292,Q,Third,woman,False,Queenstown,no,True,-0.1013399324176096,-0.4926052942156549
0,3,female,37.0,0,0,9.5875,S,Third,woman,False,Southampton,no,True,0.5921612686680294,-0.4531787201234304
1,1,female,16.0,0,0,86.5,S,First,woman,False,Southampton,yes,True,-1.026008200531795,1.0953053629426073
0,1,male,18.0,1,0,108.9,C,First,man,True,Cherbourg,no,False,-0.871896822512764,1.546285937760475
1,2,female,33.0,0,2,26.0,S,Second,woman,False,Southampton,yes,False,0.2839385126299676,-0.1227448502931512
1,1,male,28.0,0,0,26.55,S,First,man,True,Southampton,yes,True,-0.1013399324176096,-0.1116716665364625
0,3,male,28.0,0,0,22.525,S,Third,man,True,Southampton,no,True,-0.1013399324176096,-0.1927072385740481
1,3,male,26.0,0,0,56.4958,S,Third,man,True,Southampton,yes,True,-0.2554513104366405,0.4912289628108992
1,3,male,29.0,0,0,7.75,Q,Third,man,True,Queenstown,yes,True,-0.0242842434080941,-0.4901732204014585
0,3,male,28.0,0,0,8.05,S,Third,man,True,Southampton,no,True,-0.1013399324176096,-0.4841333019887193
1,1,male,36.0,0,0,26.2875,S,First,man,True,Southampton,yes,True,0.5151055796585139,-0.1169565951476094
1,1,female,54.0,1,0,59.4,C,First,woman,False,Cherbourg,yes,False,1.902107981829792,0.5496993996584907
0,3,male,24.0,0,0,7.4958,S,Third,man,True,Southampton,no,True,-0.4095626884556714,-0.4952910446031863
0,1,male,47.0,0,0,34.0208,S,First,man,True,Southampton,no,True,1.3627181587631838,0.0387384083898466
1,2,female,34.0,0,0,10.5,S,Second,woman,False,Southampton,yes,True,0.360994201639483,-0.434807301618015
0,3,male,28.0,0,0,24.15,Q,Third,man,True,Queenstown,no,True,-0.1013399324176096,-0.1599910138383769
1,2,female,36.0,1,0,26.0,S,Second,woman,False,Southampton,yes,False,0.5151055796585139,-0.1227448502931512
0,3,male,32.0,0,0,7.8958,S,Third,man,True,Southampton,no,True,0.2068828236204521,-0.4872378200528672
1,1,female,30.0,0,0,93.5,S,First,woman,False,Southampton,yes,True,0.0527714456014212,1.236236792573191
0,3,male,22.0,0,0,7.8958,S,Third,man,True,Southampton,no,True,-0.5636740664747023,-0.4872378200528672
0,3,male,28.0,0,0,7.225,C,Third,man,True,Cherbourg,no,True,-0.1013399324176096,-0.5007430776237524
1,1,female,44.0,0,1,57.9792,C,First,woman,False,Cherbourg,yes,False,1.1315510917346374,0.5210943460557573
0,3,male,28.0,0,0,7.2292,C,Third,man,True,Cherbourg,no,True,-0.1013399324176096,-0.500658518765974
0,3,male,40.5,0,0,7.75,Q,Third,man,True,Queenstown,no,True,0.8618561802013335,-0.4901732204014585
1,2,female,50.0,0,0,10.5,S,Second,woman,False,Southampton,yes,True,1.5938852257917302,-0.434807301618015
0,1,male,28.0,0,0,221.7792,S,First,man,True,Southampton,no,True,-0.1013399324176096,3.8188897994114144
0,3,male,39.0,0,0,7.925,S,Third,man,True,Southampton,no,True,0.7462726466870603,-0.4866499346606939
0,2,male,23.0,2,1,11.5,S,Second,man,True,Southampton,no,False,-0.4866183774651868,-0.4146742402422173
1,2,female,2.0,1,1,26.0,S,Second,child,False,Southampton,yes,False,-2.104787846665011,-0.1227448502931512
0,3,male,28.0,0,0,7.2292,C,Third,man,True,Cherbourg,no,True,-0.1013399324176096,-0.500658518765974
0,3,male,17.0,1,1,7.2292,C,Third,man,True,Cherbourg,no,False,-0.9489525115222794,-0.500658518765974
1,3,female,28.0,0,2,22.3583,C,Third,woman,False,Cherbourg,yes,False,-0.1013399324176096,-0.1960634199053935
0,3,female,30.0,0,0,8.6625,S,Third,woman,False,Southampton,no,True,0.0527714456014212,-0.4718018018960432
1,2,female,7.0,0,2,26.25,S,Second,child,False,Southampton,yes,False,-1.719509401617434,-0.1177115849492018
0,1,male,45.0,0,0,26.55,S,First,man,True,Southampton,no,True,1.208606780744153,-0.1116716665364625
1,1,female,30.0,0,0,106.425,C,First,woman,False,Cherbourg,yes,True,0.0527714456014212,1.4964566108553758
0,3,male,28.0,0,0,14.5,S,Third,man,True,Southampton,no,True,-0.1013399324176096,-0.3542750561148243
1,1,female,22.0,0,2,49.5,C,First,woman,False,Cherbourg,yes,False,-0.5636740664747023,0.3503820920380938
1,1,female,36.0,0,2,71.0,S,First,woman,False,Southampton,yes,False,0.5151055796585139,0.7832429116177435
0,3,female,9.0,4,2,31.275,S,Third,child,False,Southampton,no,False,-1.565398023598403,-0.0165429515358186
0,3,female,11.0,4,2,31.275,S,Third,child,False,Southampton,no,False,-1.4112866455793722,-0.0165429515358186
1,2,male,32.0,1,0,26.0,S,Second,man,True,Southampton,yes,False,0.2068828236204521,-0.1227448502931512
0,1,male,50.0,1,0,106.425,C,First,man,True,Cherbourg,no,False,1.5938852257917302,1.4964566108553758
0,1,male,64.0,0,0,26.0,S,First,man,True,Southampton,no,True,2.6726648719249466,-0.1227448502931512
1,2,female,19.0,1,0,26.0,S,Second,woman,False,Southampton,yes,False,-0.7948411335032486,-0.1227448502931512
1,2,male,28.0,0,0,13.8625,C,Second,man,True,Cherbourg,yes,True,-0.1013399324176096,-0.3671098827418954
0,3,male,33.0,1,1,20.525,S,Third,man,True,Southampton,no,False,0.2839385126299676,-0.2329733613256434
1,2,male,8.0,1,1,36.75,S,Second,child,False,Southampton,yes,False,-1.6424537126079184,0.0936855594966736
1,1,male,17.0,0,2,110.8833,C,First,man,True,Cherbourg,yes,False,-0.9489525115222794,1.5862158383870948
0,2,male,27.0,0,0,26.0,S,Second,man,True,Southampton,no,True,-0.178395621427125,-0.1227448502931512
0,3,male,28.0,0,0,7.8292,Q,Third,man,True,Queenstown,no,True,-0.1013399324176096,-0.4885786819404954
1,3,male,22.0,0,0,7.225,C,Third,man,True,Cherbourg,yes,True,-0.5636740664747023,-0.5007430776237524
1,3,female,22.0,0,0,7.775,S,Third,woman,False,Southampton,yes,True,-0.5636740664747023,-0.4896698938670636
0,1,male,62.0,0,0,26.55,S,First,man,True,Southampton,no,True,2.5185534939059155,-0.1116716665364625
1,1,female,48.0,1,0,39.6,C,First,woman,False,Cherbourg,yes,False,1.4397738477726991,0.151064784417697
0,1,male,28.0,0,0,227.525,C,First,man,True,Cherbourg,no,True,-0.1013399324176096,3.9345703434644728
1,1,female,39.0,1,1,79.65,S,First,woman,False,Southampton,yes,False,0.7462726466870603,0.9573938925183936
1,3,female,36.0,1,0,17.4,S,Third,woman,False,Southampton,yes,False,0.5151055796585139,-0.2958891781250111
0,3,male,28.0,0,0,7.75,Q,Third,man,True,Queenstown,no,True,-0.1013399324176096,-0.4901732204014585
0,3,male,40.0,0,0,7.8958,S,Third,man,True,Southampton,no,True,0.8233283356965757,-0.4872378200528672
0,2,male,28.0,0,0,13.5,S,Second,man,True,Southampton,no,True,-0.1013399324176096,-0.374408117490622
0,3,male,28.0,0,0,8.05,S,Third,man,True,Southampton,no,True,-0.1013399324176096,-0.4841333019887193
0,3,female,28.0,0,0,8.05,S,Third,woman,False,Southampton,no,True,-0.1013399324176096,-0.4841333019887193
0,3,male,24.0,2,0,24.15,S,Third,man,True,Southampton,no,False,-0.4095626884556714,-0.1599910138383769
0,3,male,19.0,0,0,7.8958,S,Third,man,True,Southampton,no,True,-0.7948411335032486,-0.4872378200528672
0,3,female,29.0,0,4,21.075,S,Third,woman,False,Southampton,no,False,-0.0242842434080941,-0.2219001775689547
0,3,male,28.0,0,0,7.2292,C,Third,man,True,Cherbourg,no,True,-0.1013399324176096,-0.500658518765974
1,3,male,32.0,0,0,7.8542,S,Third,man,True,Southampton,yes,True,0.2068828236204521,-0.4880753554061005
1,2,male,62.0,0,0,10.5,S,Second,man,True,Southampton,yes,True,2.5185534939059155,-0.434807301618015
1,1,female,53.0,2,0,51.4792,S,First,woman,False,Southampton,yes,False,1.8250522928202764,0.3902294471130725
1,1,male,36.0,0,0,26.3875,S,First,man,True,Southampton,yes,True,0.5151055796585139,-0.1149432890100296
1,3,female,28.0,0,0,7.75,Q,Third,woman,False,Queenstown,yes,True,-0.1013399324176096,-0.4901732204014585
0,3,male,16.0,0,0,8.05,S,Third,man,True,Southampton,no,True,-1.026008200531795,-0.4841333019887193
0,3,male,19.0,0,0,14.5,S,Third,man,True,Southampton,no,True,-0.7948411335032486,-0.3542750561148243
1,2,female,34.0,0,0,13.0,S,Second,woman,False,Southampton,yes,True,0.360994201639483,-0.3844746481785208
1,1,female,39.0,1,0,55.9,S,First,woman,False,Southampton,yes,False,0.7462726466870603,0.4792336848431988
0,3,female,28.0,1,0,14.4583,C,Third,woman,False,Cherbourg,no,False,-0.1013399324176096,-0.3551146047741951
1,3,male,32.0,0,0,7.925,S,Third,man,True,Southampton,yes,True,0.2068828236204521,-0.4866499346606939
1,2,female,25.0,1,1,30.0,S,Second,woman,False,Southampton,yes,False,-0.3325069994461559,-0.0422126047899606
1,1,female,39.0,1,1,110.8833,C,First,woman,False,Cherbourg,yes,False,0.7462726466870603,1.5862158383870948
0,2,male,54.0,0,0,26.0,S,Second,man,True,Southampton,no,True,1.902107981829792,-0.1227448502931512
0,1,male,36.0,0,0,40.125,C,First,man,True,Cherbourg,no,True,0.5151055796585139,0.1616346416399907
0,3,male,28.0,0,0,8.7125,C,Third,man,True,Cherbourg,no,True,-0.1013399324176096,-0.4707951488272534
1,1,female,18.0,0,2,79.65,S,First,woman,False,Southampton,yes,False,-0.871896822512764,0.9573938925183936
0,2,male,47.0,0,0,15.0,S,Second,man,True,Southampton,no,True,1.3627181587631838,-0.3442085254269255
1,1,male,60.0,1,1,79.2,C,First,man,True,Cherbourg,yes,False,2.3644421158868845,0.9483340148992844
0,3,male,22.0,0,0,8.05,S,Third,man,True,Southampton,no,True,-0.5636740664747023,-0.4841333019887193
0,3,male,28.0,0,0,8.05,S,Third,man,True,Southampton,no,True,-0.1013399324176096,-0.4841333019887193
0,3,male,35.0,0,0,7.125,S,Third,man,True,Southampton,no,True,0.4380498906489985,-0.5027563837613321
1,1,female,52.0,1,0,78.2667,C,First,woman,False,Cherbourg,yes,False,1.747996603810761,0.9295438287172524
0,3,male,47.0,0,0,7.25,S,Third,man,True,Southampton,no,True,1.3627181587631838,-0.5002397510893574
0,3,female,28.0,0,2,7.75,Q,Third,woman,False,Queenstown,no,False,-0.1013399324176096,-0.4901732204014585
0,2,male,37.0,1,0,26.0,S,Second,man,True,Southampton,no,False,0.5921612686680294,-0.1227448502931512
0,3,male,36.0,1,1,24.15,S,Third,man,True,Southampton,no,False,0.5151055796585139,-0.1599910138383769
1,2,female,28.0,0,0,33.0,S,Second,woman,False,Southampton,yes,True,-0.1013399324176096,0.0181865793374323
0,3,male,49.0,0,0,0.0,S,Third,man,True,Southampton,no,True,1.5168295367822149,-0.6462044460638905
0,3,male,28.0,0,0,7.225,C,Third,man,True,Cherbourg,no,True,-0.1013399324176096,-0.5007430776237524
1,1,male,49.0,1,0,56.9292,C,First,man,True,Cherbourg,yes,False,1.5168295367822149,0.4999546316111698
1,2,female,24.0,2,1,27.0,S,Second,woman,False,Southampton,yes,False,-0.4095626884556714,-0.1026117889173535
0,3,male,28.0,0,0,7.8958,S,Third,man,True,Southampton,no,True,-0.1013399324176096,-0.4872378200528672
0,1,male,28.0,0,0,42.4,S,First,man,True,Southampton,no,True,-0.1013399324176096,0.2074373562699303
0,3,male,44.0,0,0,8.05,S,Third,man,True,Southampton,no,True,1.1315510917346374,-0.4841333019887193
1,1,male,35.0,0,0,26.55,C,First,man,True,Cherbourg,yes,True,0.4380498906489985,-0.1116716665364625
0,3,male,36.0,1,0,15.55,S,Third,man,True,Southampton,no,False,0.5151055796585139,-0.3331353416702368
0,3,male,30.0,0,0,7.8958,S,Third,man,True,Southampton,no,True,0.0527714456014212,-0.4872378200528672
1,1,male,27.0,0,0,30.5,S,First,man,True,Southampton,yes,True,-0.178395621427125,-0.0321460741020617
1,2,female,22.0,1,2,41.5792,C,Second,woman,False,Cherbourg,yes,False,-0.5636740664747023,0.1909121394926757
1,1,female,40.0,0,0,153.4625,S,First,woman,False,Southampton,yes,True,0.8233283356965757,2.443465485319458
0,3,female,39.0,1,5,31.275,S,Third,woman,False,Southampton,no,False,0.7462726466870603,-0.0165429515358186
0,3,male,28.0,0,0,7.05,S,Third,man,True,Southampton,no,True,-0.1013399324176096,-0.5042663633645169
1,3,female,28.0,1,0,15.5,Q,Third,woman,False,Queenstown,yes,False,-0.1013399324176096,-0.3341419947390266
0,3,male,28.0,0,0,7.75,Q,Third,man,True,Queenstown,no,True,-0.1013399324176096,-0.4901732204014585
0,3,male,35.0,0,0,8.05,S,Third,man,True,Southampton,no,True,0.4380498906489985,-0.4841333019887193
1,2,female,24.0,1,2,65.0,S,Second,woman,False,Southampton,yes,False,-0.4095626884556714,0.6624445433629575
0,3,male,34.0,1,1,14.4,S,Third,man,True,Southampton,no,False,0.360994201639483,-0.3562883622524042
0,3,female,26.0,1,0,16.1,S,Third,woman,False,Southampton,no,False,-0.2554513104366405,-0.3220621579135481
1,2,female,4.0,2,1,39.0,S,Second,child,False,Southampton,yes,False,-1.9506764686459803,0.1389849475922183
0,2,male,26.0,0,0,10.5,S,Second,man,True,Southampton,no,True,-0.2554513104366405,-0.434807301618015
0,3,male,27.0,1,0,14.4542,C,Third,man,True,Cherbourg,no,False,-0.178395621427125,-0.3551971503258359
1,1,male,42.0,1,0,52.5542,S,First,man,True,Southampton,yes,False,0.9774397137156066,0.411872488092055
1,3,male,20.0,1,1,15.7417,C,Third,man,True,Cherbourg,yes,False,-0.7177854444937332,-0.3292758338044964
0,3,male,21.0,0,0,7.8542,S,Third,man,True,Southampton,no,True,-0.6407297554842177,-0.4880753554061005
0,3,male,21.0,0,0,16.1,S,Third,man,True,Southampton,no,True,-0.6407297554842177,-0.3220621579135481
0,1,male,61.0,0,0,32.3208,S,First,man,True,Southampton,no,True,2.4414978048964,0.0045122040509905
0,2,male,57.0,0,0,12.35,Q,Second,man,True,Queenstown,no,True,2.133275048858338,-0.3975611380727893
1,1,female,21.0,0,0,77.9583,S,First,woman,False,Southampton,yes,True,-0.6407297554842177,0.9233347925889565
0,3,male,26.0,0,0,7.8958,S,Third,man,True,Southampton,no,True,-0.2554513104366405,-0.4872378200528672
0,3,male,28.0,0,0,7.7333,Q,Third,man,True,Queenstown,no,True,-0.1013399324176096,-0.4905094425264344
1,1,male,80.0,0,0,30.0,S,First,man,True,Southampton,yes,True,3.905555896077194,-0.0422126047899606
0,3,male,51.0,0,0,7.0542,S,Third,man,True,Southampton,no,True,1.6709409148012455,-0.5041818045067386
1,1,male,32.0,0,0,30.5,C,First,man,True,Cherbourg,yes,True,0.2068828236204521,-0.0321460741020617
0,1,male,28.0,0,0,0.0,S,First,man,True,Southampton,no,True,-0.1013399324176096,-0.6462044460638905
0,3,female,9.0,3,2,27.9,S,Third,child,False,Southampton,no,False,-1.565398023598403,-0.0844920336791357
1,2,female,28.0,0,0,13.0,S,Second,woman,False,Southampton,yes,True,-0.1013399324176096,-0.3844746481785208
0,3,male,32.0,0,0,7.925,S,Third,man,True,Southampton,no,True,0.2068828236204521,-0.4866499346606939
0,2,male,31.0,1,1,26.25,S,Second,man,True,Southampton,no,False,0.1298271346109367,-0.1177115849492018
0,3,female,41.0,0,5,39.6875,S,Third,woman,False,Southampton,no,False,0.9003840247060911,0.1528264272880792
0,3,male,28.0,1,0,16.1,S,Third,man,True,Southampton,no,False,-0.1013399324176096,-0.3220621579135481
0,3,male,20.0,0,0,7.8542,S,Third,man,True,Southampton,no,True,-0.7177854444937332,-0.4880753554061005
1,1,female,24.0,0,0,69.3,C,First,woman,False,Cherbourg,yes,True,-0.4095626884556714,0.7490167072788875
0,3,female,2.0,3,2,27.9,S,Third,child,False,Southampton,no,False,-2.104787846665011,-0.0844920336791357
1,3,male,28.0,0,0,56.4958,S,Third,man,True,Southampton,yes,True,-0.1013399324176096,0.4912289628108992
1,3,female,0.75,2,1,19.2583,C,Third,child,False,Cherbourg,yes,False,-2.2011074579269057,-0.2584759101703663
1,1,male,48.0,1,0,76.7292,C,First,man,True,Cherbourg,yes,False,1.4397738477726991,0.8985892468519636
0,3,male,19.0,0,0,7.8958,S,Third,man,True,Southampton,no,True,-0.7948411335032486,-0.4872378200528672
1,1,male,56.0,0,0,35.5,C,First,man,True,Cherbourg,yes,True,2.0562193598488228,0.0685192327769265
0,3,male,28.0,0,0,7.55,S,Third,man,True,Southampton,no,True,-0.1013399324176096,-0.4941998326766181
1,3,female,23.0,0,0,7.55,S,Third,woman,False,Southampton,yes,True,-0.4866183774651868,-0.4941998326766181
0,3,male,28.0,0,0,7.8958,S,Third,man,True,Southampton,no,True,-0.1013399324176096,-0.4872378200528672
1,2,female,18.0,0,1,23.0,S,Second,woman,False,Southampton,yes,False,-0.871896822512764,-0.1831440344205442
0,3,male,21.0,0,0,8.4333,S,Third,man,True,Southampton,no,True,-0.6407297554842177,-0.476416299563376
1,3,female,28.0,0,0,7.8292,Q,Third,woman,False,Queenstown,yes,True,-0.1013399324176096,-0.4885786819404954
0,3,female,18.0,0,0,6.75,Q,Third,woman,False,Queenstown,no,True,-0.871896822512764,-0.5103062817772562
0,2,male,24.0,2,0,73.5,S,Second,man,True,Southampton,no,False,-0.4095626884556714,0.8335755650572377
0,3,male,28.0,0,0,7.8958,S,Third,man,True,Southampton,no,True,-0.1013399324176096,-0.4872378200528672
0,3,female,32.0,1,1,15.5,Q,Third,woman,False,Queenstown,no,False,0.2068828236204521,-0.3341419947390266
0,2,male,23.0,0,0,13.0,S,Second,man,True,Southampton,no,True,-0.4866183774651868,-0.3844746481785208
0,1,male,58.0,0,2,113.275,C,First,man,True,Cherbourg,no,False,2.210330737867854,1.6343680812795898
1,1,male,50.0,2,0,133.65,S,First,man,True,Southampton,yes,False,1.5938852257917302,2.044579206811467
0,3,male,40.0,0,0,7.225,C,Third,man,True,Cherbourg,no,True,0.8233283356965757,-0.5007430776237524
0,1,male,47.0,0,0,25.5875,S,First,man,True,Southampton,no,True,1.3627181587631838,-0.1310497381106678
0,3,male,36.0,0,0,7.4958,S,Third,man,True,Southampton,no,True,0.5151055796585139,-0.4952910446031863
1,3,male,20.0,1,0,7.925,S,Third,man,True,Southampton,yes,False,-0.7177854444937332,-0.4866499346606939
0,2,male,32.0,2,0,73.5,S,Second,man,True,Southampton,no,False,0.2068828236204521,0.8335755650572377
0,2,male,25.0,0,0,13.0,S,Second,man,True,Southampton,no,True,-0.3325069994461559,-0.3844746481785208
0,3,male,28.0,0,0,7.775,S,Third,man,True,Southampton,no,True,-0.1013399324176096,-0.4896698938670636
0,3,male,43.0,0,0,8.05,S,Third,man,True,Southampton,no,True,1.054495402725122,-0.4841333019887193
1,1,female,28.0,1,0,52.0,S,First,woman,False,Southampton,yes,False,-0.1013399324176096,0.4007147454775879
1,2,female,40.0,1,1,39.0,S,Second,woman,False,Southampton,yes,False,0.8233283356965757,0.1389849475922183
0,1,male,31.0,1,0,52.0,S,First,man,True,Southampton,no,False,0.1298271346109367,0.4007147454775879
0,2,male,70.0,0,0,10.5,S,Second,man,True,Southampton,no,True,3.1349990059820394,-0.434807301618015
1,2,male,31.0,0,0,13.0,S,Second,man,True,Southampton,yes,True,0.1298271346109367,-0.3844746481785208
0,2,male,28.0,0,0,0.0,S,Second,man,True,Southampton,no,True,-0.1013399324176096,-0.6462044460638905
0,3,male,18.0,0,0,7.775,S,Third,man,True,Southampton,no,True,-0.871896822512764,-0.4896698938670636
0,3,male,24.5,0,0,8.05,S,Third,man,True,Southampton,no,True,-0.3710348439509137,-0.4841333019887193
1,3,female,18.0,0,0,9.8417,S,Third,woman,False,Southampton,yes,True,-0.871896822512764,-0.4480608959217026
0,3,female,43.0,1,6,46.9,S,Third,woman,False,Southampton,no,False,1.054495402725122,0.2980361324610198
1,1,male,36.0,0,1,512.3292,C,First,man,True,Cherbourg,yes,False,0.5151055796585139,9.668550782149426
0,3,female,28.0,0,0,8.1375,Q,Third,woman,False,Queenstown,no,True,-0.1013399324176096,-0.482371659118337
1,1,male,27.0,0,0,76.7292,C,First,man,True,Cherbourg,yes,True,-0.178395621427125,0.8985892468519636
0,3,male,20.0,0,0,9.225,S,Third,man,True,Southampton,no,True,-0.7177854444937332,-0.460476954872157
0,3,male,14.0,5,2,46.9,S,Third,child,False,Southampton,no,False,-1.1801195785508258,0.2980361324610198
0,2,male,60.0,1,1,39.0,S,Second,man,True,Southampton,no,False,2.3644421158868845,0.1389849475922183
0,2,male,25.0,1,2,41.5792,C,Second,man,True,Cherbourg,no,False,-0.3325069994461559,0.1909121394926757
0,3,male,14.0,4,1,39.6875,S,Third,child,False,Southampton,no,False,-1.1801195785508258,0.1528264272880792
0,3,male,19.0,0,0,10.1708,S,Third,man,True,Southampton,no,True,-0.7948411335032486,-0.4414351054229276
0,3,male,18.0,0,0,7.7958,S,Third,man,True,Southampton,no,True,-0.871896822512764,-0.489251126190447
1,1,female,15.0,0,1,211.3375,S,First,child,False,Southampton,yes,False,-1.1030638895413103,3.608666412443748
1,1,male,31.0,1,0,57.0,S,First,man,True,Southampton,yes,False,0.1298271346109367,0.5013800523565762
1,3,female,4.0,0,1,13.4167,C,Third,child,False,Cherbourg,yes,False,-1.9506764686459803,-0.376085201503226
1,3,male,28.0,0,0,56.4958,S,Third,man,True,Southampton,yes,True,-0.1013399324176096,0.4912289628108992
0,3,male,25.0,0,0,7.225,C,Third,man,True,Cherbourg,no,True,-0.3325069994461559,-0.5007430776237524
0,1,male,60.0,0,0,26.55,S,First,man,True,Southampton,no,True,2.3644421158868845,-0.1116716665364625
0,2,male,52.0,0,0,13.5,S,Second,man,True,Southampton,no,True,1.747996603810761,-0.374408117490622
0,3,male,44.0,0,0,8.05,S,Third,man,True,Southampton,no,True,1.1315510917346374,-0.4841333019887193
1,3,female,28.0,0,0,7.7333,Q,Third,woman,False,Queenstown,yes,True,-0.1013399324176096,-0.4905094425264344
0,1,male,49.0,1,1,110.8833,C,First,man,True,Cherbourg,no,False,1.5168295367822149,1.5862158383870948
0,3,male,42.0,0,0,7.65,S,Third,man,True,Southampton,no,True,0.9774397137156066,-0.4921865265390384
1,1,female,18.0,1,0,227.525,C,First,woman,False,Cherbourg,yes,False,-0.871896822512764,3.9345703434644728
1,1,male,35.0,0,0,26.2875,S,First,man,True,Southampton,yes,True,0.4380498906489985,-0.1169565951476094
0,3,female,18.0,0,1,14.4542,C,Third,woman,False,Cherbourg,no,False,-0.871896822512764,-0.3551971503258359
0,3,male,25.0,0,0,7.7417,Q,Third,man,True,Queenstown,no,True,-0.3325069994461559,-0.4903403248108776
0,3,male,26.0,1,0,7.8542,S,Third,man,True,Southampton,no,False,-0.2554513104366405,-0.4880753554061005
0,2,male,39.0,0,0,26.0,S,Second,man,True,Southampton,no,True,0.7462726466870603,-0.1227448502931512
1,2,female,45.0,0,0,13.5,S,Second,woman,False,Southampton,yes,True,1.208606780744153,-0.374408117490622
1,1,male,42.0,0,0,26.2875,S,First,man,True,Southampton,yes,True,0.9774397137156066,-0.1169565951476094
1,1,female,22.0,0,0,151.55,S,First,woman,False,Southampton,yes,True,-0.5636740664747023,2.404961005438245
1,3,male,28.0,1,1,15.2458,C,Third,man,True,Cherbourg,yes,False,-0.1013399324176096,-0.3392598189407544
1,1,female,24.0,0,0,49.5042,C,First,woman,False,Cherbourg,yes,True,-0.4095626884556714,0.3504666508958721
0,1,male,28.0,0,0,26.55,S,First,man,True,Southampton,no,True,-0.1013399324176096,-0.1116716665364625
1,1,male,48.0,1,0,52.0,S,First,man,True,Southampton,yes,False,1.4397738477726991,0.4007147454775879
0,3,male,29.0,0,0,9.4833,S,Third,man,True,Southampton,no,True,-0.0242842434080941,-0.4552765851187885
0,2,male,52.0,0,0,13.0,S,Second,man,True,Southampton,no,True,1.747996603810761,-0.3844746481785208
0,3,male,19.0,0,0,7.65,S,Third,man,True,Southampton,no,True,-0.7948411335032486,-0.4921865265390384
1,1,female,38.0,0,0,227.525,C,First,woman,False,Cherbourg,yes,True,0.6692169576775449,3.9345703434644728
1,2,female,27.0,0,0,10.5,S,Second,woman,False,Southampton,yes,True,-0.178395621427125,-0.434807301618015
0,3,male,28.0,0,0,15.5,Q,Third,man,True,Queenstown,no,True,-0.1013399324176096,-0.3341419947390266
0,3,male,33.0,0,0,7.775,S,Third,man,True,Southampton,no,True,0.2839385126299676,-0.4896698938670636
1,2,female,6.0,0,1,33.0,S,Second,child,False,Southampton,yes,False,-1.7965650906269497,0.0181865793374323
0,3,male,17.0,1,0,7.0542,S,Third,man,True,Southampton,no,False,-0.9489525115222794,-0.5041818045067386
0,2,male,34.0,0,0,13.0,S,Second,man,True,Southampton,no,True,0.360994201639483,-0.3844746481785208
0,2,male,50.0,0,0,13.0,S,Second,man,True,Southampton,no,True,1.5938852257917302,-0.3844746481785208
1,1,male,27.0,1,0,53.1,S,First,man,True,Southampton,yes,False,-0.178395621427125,0.4228611129909654
0,3,male,20.0,0,0,8.6625,S,Third,man,True,Southampton,no,True,-0.7177854444937332,-0.4718018018960432
1,2,female,30.0,3,0,21.0,S,Second,woman,False,Southampton,yes,False,0.0527714456014212,-0.2234101571721395
1,3,female,28.0,0,0,7.7375,Q,Third,woman,False,Queenstown,yes,True,-0.1013399324176096,-0.490424883668656
0,2,male,25.0,1,0,26.0,S,Second,man,True,Southampton,no,False,-0.3325069994461559,-0.1227448502931512
0,3,female,25.0,1,0,7.925,S,Third,woman,False,Southampton,no,False,-0.3325069994461559,-0.4866499346606939
1,1,female,29.0,0,0,211.3375,S,First,woman,False,Southampton,yes,True,-0.0242842434080941,3.608666412443748
0,3,male,11.0,0,0,18.7875,C,Third,child,False,Cherbourg,no,True,-1.4112866455793722,-0.2679545554660918
0,2,male,28.0,0,0,0.0,S,Second,man,True,Southampton,no,True,-0.1013399324176096,-0.6462044460638905
0,2,male,23.0,0,0,13.0,S,Second,man,True,Southampton,no,True,-0.4866183774651868,-0.3844746481785208
0,2,male,23.0,0,0,13.0,S,Second,man,True,Southampton,no,True,-0.4866183774651868,-0.3844746481785208
0,3,male,28.5,0,0,16.1,S,Third,man,True,Southampton,no,True,-0.0628120879128519,-0.3220621579135481
0,3,female,48.0,1,3,34.375,S,Third,woman,False,Southampton,no,False,1.4397738477726991,0.0458695387291541
1,1,male,35.0,0,0,512.3292,C,First,man,True,Cherbourg,yes,True,0.4380498906489985,9.668550782149426
0,3,male,28.0,0,0,7.8958,S,Third,man,True,Southampton,no,True,-0.1013399324176096,-0.4872378200528672
0,3,male,28.0,0,0,7.8958,S,Third,man,True,Southampton,no,True,-0.1013399324176096,-0.4872378200528672
1,1,male,28.0,0,0,30.0,S,First,man,True,Southampton,yes,True,-0.1013399324176096,-0.0422126047899606
0,1,male,36.0,1,0,78.85,S,First,man,True,Southampton,no,False,0.5151055796585139,0.941287443417755
1,1,female,21.0,2,2,262.375,C,First,woman,False,Cherbourg,yes,False,-0.6407297554842177,4.636207532411021
0,3,male,24.0,1,0,16.1,S,Third,man,True,Southampton,no,False,-0.4095626884556714,-0.3220621579135481
1,3,male,31.0,0,0,7.925,S,Third,man,True,Southampton,yes,True,0.1298271346109367,-0.4866499346606939
0,1,male,70.0,1,1,71.0,S,First,man,True,Southampton,no,False,3.1349990059820394,0.7832429116177435
0,3,male,16.0,1,1,20.25,S,Third,man,True,Southampton,no,False,-1.026008200531795,-0.2385099532039878
1,2,female,30.0,0,0,13.0,S,Second,woman,False,Southampton,yes,True,0.0527714456014212,-0.3844746481785208
0,1,male,19.0,1,0,53.1,S,First,man,True,Southampton,no,False,-0.7948411335032486,0.4228611129909654
0,3,male,31.0,0,0,7.75,Q,Third,man,True,Queenstown,no,True,0.1298271346109367,-0.4901732204014585
1,2,female,4.0,1,1,23.0,S,Second,child,False,Southampton,yes,False,-1.9506764686459803,-0.1831440344205442
1,3,male,6.0,0,1,12.475,S,Third,child,False,Southampton,yes,False,-1.7965650906269497,-0.3950445054008146
0,3,male,33.0,0,0,9.5,S,Third,man,True,Southampton,no,True,0.2839385126299676,-0.4549403629938127
0,3,male,23.0,0,0,7.8958,S,Third,man,True,Southampton,no,True,-0.4866183774651868,-0.4872378200528672
1,2,female,48.0,1,2,65.0,S,Second,woman,False,Southampton,yes,False,1.4397738477726991,0.6624445433629575
1,2,male,0.67,1,1,14.5,S,Second,child,False,Southampton,yes,False,-2.2072719130476663,-0.3542750561148243
0,3,male,28.0,0,0,7.7958,S,Third,man,True,Southampton,no,True,-0.1013399324176096,-0.489251126190447
0,2,male,18.0,0,0,11.5,S,Second,man,True,Southampton,no,True,-0.871896822512764,-0.4146742402422173
0,3,male,34.0,0,0,8.05,S,Third,man,True,Southampton,no,True,0.360994201639483,-0.4841333019887193
1,1,female,33.0,0,0,86.5,S,First,woman,False,Southampton,yes,True,0.2839385126299676,1.0953053629426073
0,3,male,28.0,0,0,14.5,S,Third,man,True,Southampton,no,True,-0.1013399324176096,-0.3542750561148243
0,3,male,41.0,0,0,7.125,S,Third,man,True,Southampton,no,True,0.9003840247060911,-0.5027563837613321
1,3,male,20.0,0,0,7.2292,C,Third,man,True,Cherbourg,yes,True,-0.7177854444937332,-0.500658518765974
1,1,female,36.0,1,2,120.0,S,First,woman,False,Southampton,yes,False,0.5151055796585139,1.769762919031829
0,3,male,16.0,0,0,7.775,S,Third,man,True,Southampton,no,True,-1.026008200531795,-0.4896698938670636
1,1,female,51.0,1,0,77.9583,S,First,woman,False,Southampton,yes,False,1.6709409148012455,0.9233347925889565
0,1,male,28.0,0,0,39.6,C,First,man,True,Cherbourg,no,True,-0.1013399324176096,0.151064784417697
0,3,female,30.5,0,0,7.75,Q,Third,woman,False,Queenstown,no,True,0.091299290106179,-0.4901732204014585
0,3,male,28.0,1,0,24.15,Q,Third,man,True,Queenstown,no,False,-0.1013399324176096,-0.1599910138383769
0,3,male,32.0,0,0,8.3625,S,Third,man,True,Southampton,no,True,0.2068828236204521,-0.4778417203087824
0,3,male,24.0,0,0,9.5,S,Third,man,True,Southampton,no,True,-0.4095626884556714,-0.4549403629938127
0,3,male,48.0,0,0,7.8542,S,Third,man,True,Southampton,no,True,1.4397738477726991,-0.4880753554061005
0,2,female,57.0,0,0,10.5,S,Second,woman,False,Southampton,no,True,2.133275048858338,-0.434807301618015
0,3,male,28.0,0,0,7.225,C,Third,man,True,Cherbourg,no,True,-0.1013399324176096,-0.5007430776237524
1,2,female,54.0,1,3,23.0,S,Second,woman,False,Southampton,yes,False,1.902107981829792,-0.1831440344205442
0,3,male,18.0,0,0,7.75,S,Third,man,True,Southampton,no,True,-0.871896822512764,-0.4901732204014585
0,3,male,28.0,0,0,7.75,Q,Third,man,True,Queenstown,no,True,-0.1013399324176096,-0.4901732204014585
1,3,female,5.0,0,0,12.475,S,Third,child,False,Southampton,yes,True,-1.8736207796364648,-0.3950445054008146
0,3,male,28.0,0,0,7.7375,Q,Third,man,True,Queenstown,no,True,-0.1013399324176096,-0.490424883668656
1,1,female,43.0,0,1,211.3375,S,First,woman,False,Southampton,yes,False,1.054495402725122,3.608666412443748
1,3,female,13.0,0,0,7.2292,C,Third,child,False,Cherbourg,yes,True,-1.2571752675603414,-0.500658518765974
1,1,female,17.0,1,0,57.0,S,First,woman,False,Southampton,yes,False,-0.9489525115222794,0.5013800523565762
0,1,male,29.0,0,0,30.0,S,First,man,True,Southampton,no,True,-0.0242842434080941,-0.0422126047899606
0,3,male,28.0,1,2,23.45,S,Third,man,True,Southampton,no,False,-0.1013399324176096,-0.1740841568014353
0,3,male,25.0,0,0,7.05,S,Third,man,True,Southampton,no,True,-0.3325069994461559,-0.5042663633645169
0,3,male,25.0,0,0,7.25,S,Third,man,True,Southampton,no,True,-0.3325069994461559,-0.5002397510893574
1,3,female,18.0,0,0,7.4958,S,Third,woman,False,Southampton,yes,True,-0.871896822512764,-0.4952910446031863
0,3,male,8.0,4,1,29.125,Q,Third,child,False,Queenstown,no,False,-1.6424537126079184,-0.0598290334937835
1,3,male,1.0,1,2,20.575,S,Third,child,False,Southampton,yes,False,-2.1818435356745267,-0.2319667082568536
0,1,male,46.0,0,0,79.2,C,First,man,True,Cherbourg,no,True,1.2856624697536685,0.9483340148992844
0,3,male,28.0,0,0,7.75,Q,Third,man,True,Queenstown,no,True,-0.1013399324176096,-0.4901732204014585
0,2,male,16.0,0,0,26.0,S,Second,man,True,Southampton,no,True,-1.026008200531795,-0.1227448502931512
0,3,female,28.0,8,2,69.55,S,Third,woman,False,Southampton,no,False,-0.1013399324176096,0.7540499726228369
0,1,male,28.0,0,0,30.6958,C,First,man,True,Cherbourg,no,True,-0.1013399324176096,-0.0282040206846806
0,3,male,25.0,0,0,7.8958,S,Third,man,True,Southampton,no,True,-0.3325069994461559,-0.4872378200528672
0,2,male,39.0,0,0,13.0,S,Second,man,True,Southampton,no,True,0.7462726466870603,-0.3844746481785208
1,1,female,49.0,0,0,25.9292,S,First,woman,False,Southampton,yes,True,1.5168295367822149,-0.1241702710385576
1,3,female,31.0,0,0,8.6833,S,Third,woman,False,Southampton,yes,True,0.1298271346109367,-0.4713830342194266
0,3,male,30.0,0,0,7.2292,C,Third,man,True,Cherbourg,no,True,0.0527714456014212,-0.500658518765974
0,3,female,30.0,1,1,24.15,S,Third,woman,False,Southampton,no,False,0.0527714456014212,-0.1599910138383769
0,2,male,34.0,0,0,13.0,S,Second,man,True,Southampton,no,True,0.360994201639483,-0.3844746481785208
1,2,female,31.0,1,1,26.25,S,Second,woman,False,Southampton,yes,False,0.1298271346109367,-0.1177115849492018
1,1,male,11.0,1,2,120.0,S,First,child,False,Southampton,yes,False,-1.4112866455793722,1.769762919031829
1,3,male,0.42,0,1,8.5167,C,Third,child,False,Cherbourg,yes,False,-2.2265358353000453,-0.4747372022446345
1,3,male,27.0,0,0,6.975,S,Third,man,True,Southampton,yes,True,-0.178395621427125,-0.5057763429677017
0,3,male,31.0,0,0,7.775,S,Third,man,True,Southampton,no,True,0.1298271346109367,-0.4896698938670636
0,1,male,39.0,0,0,0.0,S,First,man,True,Southampton,no,True,0.7462726466870603,-0.6462044460638905
0,3,female,18.0,0,0,7.775,S,Third,woman,False,Southampton,no,True,-0.871896822512764,-0.4896698938670636
0,2,male,39.0,0,0,13.0,S,Second,man,True,Southampton,no,True,0.7462726466870603,-0.3844746481785208
1,1,female,33.0,1,0,53.1,S,First,woman,False,Southampton,yes,False,0.2839385126299676,0.4228611129909654
0,3,male,26.0,0,0,7.8875,S,Third,man,True,Southampton,no,True,-0.2554513104366405,-0.4874049244622864
0,3,male,39.0,0,0,24.15,S,Third,man,True,Southampton,no,True,0.7462726466870603,-0.1599910138383769
0,2,male,35.0,0,0,10.5,S,Second,man,True,Southampton,no,True,0.4380498906489985,-0.434807301618015
0,3,female,6.0,4,2,31.275,S,Third,child,False,Southampton,no,False,-1.7965650906269497,-0.0165429515358186
0,3,male,30.5,0,0,8.05,S,Third,man,True,Southampton,no,True,0.091299290106179,-0.4841333019887193
0,1,male,28.0,0,0,0.0,S,First,man,True,Southampton,no,True,-0.1013399324176096,-0.6462044460638905
0,3,female,23.0,0,0,7.925,S,Third,woman,False,Southampton,no,True,-0.4866183774651868,-0.4866499346606939
0,2,male,31.0,1,1,37.0042,C,Second,man,True,Cherbourg,no,False,0.1298271346109367,0.0988033836984013
0,3,male,43.0,0,0,6.45,S,Third,man,True,Southampton,no,True,1.054495402725122,-0.5163462001899956
0,3,male,10.0,3,2,27.9,S,Third,child,False,Southampton,no,False,-1.4883423345888875,-0.0844920336791357
1,1,female,52.0,1,1,93.5,S,First,woman,False,Southampton,yes,False,1.747996603810761,1.236236792573191
1,3,male,27.0,0,0,8.6625,S,Third,man,True,Southampton,yes,True,-0.178395621427125,-0.4718018018960432
0,1,male,38.0,0,0,0.0,S,First,man,True,Southampton,no,True,0.6692169576775449,-0.6462044460638905
1,3,female,27.0,0,1,12.475,S,Third,woman,False,Southampton,yes,False,-0.178395621427125,-0.3950445054008146
0,3,male,2.0,4,1,39.6875,S,Third,child,False,Southampton,no,False,-2.104787846665011,0.1528264272880792
0,3,male,28.0,0,0,6.95,Q,Third,man,True,Queenstown,no,True,-0.1013399324176096,-0.5062796695020967
0,3,male,28.0,0,0,56.4958,S,Third,man,True,Southampton,no,True,-0.1013399324176096,0.4912289628108992
1,2,male,1.0,0,2,37.0042,C,Second,child,False,Cherbourg,yes,False,-2.1818435356745267,0.0988033836984013
1,3,male,28.0,0,0,7.75,Q,Third,man,True,Queenstown,yes,True,-0.1013399324176096,-0.4901732204014585
1,3,female,15.0,1,0,14.4542,C,Third,child,False,Cherbourg,yes,False,-1.1030638895413103,-0.3551971503258359
1,2,male,0.83,1,1,18.75,S,Second,child,False,Southampton,yes,False,-2.1949430028061445,-0.2687095452676843
0,3,male,28.0,0,0,7.2292,C,Third,man,True,Cherbourg,no,True,-0.1013399324176096,-0.500658518765974
0,3,male,23.0,0,0,7.8542,S,Third,man,True,Southampton,no,True,-0.4866183774651868,-0.4880753554061005
0,3,male,18.0,0,0,8.3,S,Third,man,True,Southampton,no,True,-0.871896822512764,-0.4791000366447698
1,1,female,39.0,1,1,83.1583,C,First,woman,False,Cherbourg,yes,False,0.7462726466870603,1.028026711743104
0,3,male,21.0,0,0,8.6625,S,Third,man,True,Southampton,no,True,-0.6407297554842177,-0.4718018018960432
0,3,male,28.0,0,0,8.05,S,Third,man,True,Southampton,no,True,-0.1013399324176096,-0.4841333019887193
1,3,male,32.0,0,0,56.4958,S,Third,man,True,Southampton,yes,True,0.2068828236204521,0.4912289628108992
1,1,male,28.0,0,0,29.7,C,First,man,True,Cherbourg,yes,True,-0.1013399324176096,-0.0482525232026999
0,3,male,20.0,0,0,7.925,S,Third,man,True,Southampton,no,True,-0.7177854444937332,-0.4866499346606939
0,2,male,16.0,0,0,10.5,S,Second,man,True,Southampton,no,True,-1.026008200531795,-0.434807301618015
1,1,female,30.0,0,0,31.0,C,First,woman,False,Cherbourg,yes,True,0.0527714456014212,-0.0220795434141629
0,3,male,34.5,0,0,6.4375,C,Third,man,True,Cherbourg,no,True,0.3995220461442407,-0.516597863457193
0,3,male,17.0,0,0,8.6625,S,Third,man,True,Southampton,no,True,-0.9489525115222794,-0.4718018018960432
0,3,male,42.0,0,0,7.55,S,Third,man,True,Southampton,no,True,0.9774397137156066,-0.4941998326766181
0,3,male,28.0,8,2,69.55,S,Third,man,True,Southampton,no,False,-0.1013399324176096,0.7540499726228369
0,3,male,35.0,0,0,7.8958,C,Third,man,True,Cherbourg,no,True,0.4380498906489985,-0.4872378200528672
0,2,male,28.0,0,1,33.0,S,Second,man,True,Southampton,no,False,-0.1013399324176096,0.0181865793374323
1,1,female,28.0,1,0,89.1042,C,First,woman,False,Cherbourg,yes,False,-0.1013399324176096,1.1477358813774596
0,3,male,4.0,4,2,31.275,S,Third,child,False,Southampton,no,False,-1.9506764686459803,-0.0165429515358186
0,3,male,74.0,0,0,7.775,S,Third,man,True,Southampton,no,True,3.443221762020101,-0.4896698938670636
0,3,female,9.0,1,1,15.2458,C,Third,child,False,Cherbourg,no,False,-1.565398023598403,-0.3392598189407544
1,1,female,16.0,0,1,39.4,S,First,woman,False,Southampton,yes,False,-1.026008200531795,0.1470381721425374
0,2,female,44.0,1,0,26.0,S,Second,woman,False,Southampton,no,False,1.1315510917346374,-0.1227448502931512
1,3,female,18.0,0,1,9.35,S,Third,woman,False,Southampton,yes,False,-0.871896822512764,-0.4579603222001823
1,1,female,45.0,1,1,164.8667,S,First,woman,False,Southampton,yes,False,1.208606780744153,2.67306694386133
1,1,male,51.0,0,0,26.55,S,First,man,True,Southampton,yes,True,1.6709409148012455,-0.1116716665364625
1,3,female,24.0,0,3,19.2583,C,Third,woman,False,Cherbourg,yes,False,-0.4095626884556714,-0.2584759101703663
0,3,male,28.0,0,0,7.2292,C,Third,man,True,Cherbourg,no,True,-0.1013399324176096,-0.500658518765974
0,3,male,41.0,2,0,14.1083,S,Third,man,True,Southampton,no,False,0.9003840247060911,-0.3621611762557243
0,2,male,21.0,1,0,11.5,S,Second,man,True,Southampton,no,False,-0.6407297554842177,-0.4146742402422173
1,1,female,48.0,0,0,25.9292,S,First,woman,False,Southampton,yes,True,1.4397738477726991,-0.1241702710385576
0,3,female,28.0,8,2,69.55,S,Third,woman,False,Southampton,no,False,-0.1013399324176096,0.7540499726228369
0,2,male,24.0,0,0,13.0,S,Second,man,True,Southampton,no,True,-0.4095626884556714,-0.3844746481785208
1,2,female,42.0,0,0,13.0,S,Second,woman,False,Southampton,yes,True,0.9774397137156066,-0.3844746481785208
1,2,female,27.0,1,0,13.8583,C,Second,woman,False,Cherbourg,yes,False,-0.178395621427125,-0.3671944415996737
0,1,male,31.0,0,0,50.4958,S,First,man,True,Southampton,no,True,0.1298271346109367,0.3704305945561131
0,3,male,28.0,0,0,9.5,S,Third,man,True,Southampton,no,True,-0.1013399324176096,-0.4549403629938127
1,3,male,4.0,1,1,11.1333,S,Third,child,False,Southampton,yes,False,-1.9506764686459803,-0.4220570338487224
0,3,male,26.0,0,0,7.8958,S,Third,man,True,Southampton,no,True,-0.2554513104366405,-0.4872378200528672
1,1,female,47.0,1,1,52.5542,S,First,woman,False,Southampton,yes,False,1.3627181587631838,0.411872488092055
0,1,male,33.0,0,0,5.0,S,First,man,True,Southampton,no,True,0.2839385126299676,-0.5455391391849022
0,3,male,47.0,0,0,9.0,S,Third,man,True,Southampton,no,True,1.3627181587631838,-0.4650068936817115
1,2,female,28.0,1,0,24.0,C,Second,woman,False,Cherbourg,yes,False,-0.1013399324176096,-0.1630109730447465
1,3,female,15.0,0,0,7.225,C,Third,child,False,Cherbourg,yes,True,-1.1030638895413103,-0.5007430776237524
0,3,male,20.0,0,0,9.8458,S,Third,man,True,Southampton,no,True,-0.7177854444937332,-0.4479783503700618
0,3,male,19.0,0,0,7.8958,S,Third,man,True,Southampton,no,True,-0.7948411335032486,-0.4872378200528672
0,3,male,28.0,0,0,7.8958,S,Third,man,True,Southampton,no,True,-0.1013399324176096,-0.4872378200528672
1,1,female,56.0,0,1,83.1583,C,First,woman,False,Cherbourg,yes,False,2.0562193598488228,1.028026711743104
1,2,female,25.0,0,1,26.0,S,Second,woman,False,Southampton,yes,False,-0.3325069994461559,-0.1227448502931512
0,3,male,33.0,0,0,7.8958,S,Third,man,True,Southampton,no,True,0.2839385126299676,-0.4872378200528672
0,3,female,22.0,0,0,10.5167,S,Third,woman,False,Southampton,no,True,-0.5636740664747023,-0.4344710794930392
0,2,male,28.0,0,0,10.5,S,Second,man,True,Southampton,no,True,-0.1013399324176096,-0.434807301618015
0,3,male,25.0,0,0,7.05,S,Third,man,True,Southampton,no,True,-0.3325069994461559,-0.5042663633645169
0,3,female,39.0,0,5,29.125,Q,Third,woman,False,Queenstown,no,False,0.7462726466870603,-0.0598290334937835
0,2,male,27.0,0,0,13.0,S,Second,man,True,Southampton,no,True,-0.178395621427125,-0.3844746481785208
1,1,female,19.0,0,0,30.0,S,First,woman,False,Southampton,yes,True,-0.7948411335032486,-0.0422126047899606
0,3,female,28.0,1,2,23.45,S,Third,woman,False,Southampton,no,False,-0.1013399324176096,-0.1740841568014353
1,1,male,26.0,0,0,30.0,C,First,man,True,Cherbourg,yes,True,-0.2554513104366405,-0.0422126047899606
0,3,male,32.0,0,0,7.75,Q,Third,man,True,Queenstown,no,True,0.2068828236204521,-0.4901732204014585
